,value.AgeGroup,value.Subject,value.StudyNo,value.PrimeInstruction,value.totalitems,value.correctitems,value.wrongitems,value.targetacc,value.rtrials,value.ptrials,value.btrials,value.utrials,value.rcorrecttrials,value.pcorrecttrials,value.bcorrecttrials,value.ucorrecttrials,value.racc,value.pacc,value.bacc,value.uacc,value.rmcq,value.pmcq,value.bmcq,value.umcq,value.r_know,value.r_dontknow,value.r_other,value.r_TOT,value.p_know,value.p_dontknow,value.p_other,value.p_TOT,value.b_know,value.b_dontknow,value.b_other,value.b_TOT,value.u_know,value.u_dontknow,value.u_other,value.u_TOT,value.correct_r,value.correct_p,value.correct_b,value.correct_u,value.wrong_r,value.wrong_p,value.wrong_b,value.wrong_u,value.wrong_r_r,value.wrong_r_p,value.wrong_r_b,value.wrong_r_u,value.wrong_r_x,value.wrong_p_r,value.wrong_p_p,value.wrong_p_b,value.wrong_p_u,value.wrong_p_x,value.wrong_b_r,value.wrong_b_p,value.wrong_b_b,value.wrong_b_u,value.wrong_b_x,value.wrong_u_r,value.wrong_u_p,value.wrong_u_b,value.wrong_u_u,value.wrong_u_x,value.prop_r_r,value.prop_r_p,value.prop_r_b,value.prop_r_u,value.prop_r_x,value.prop_p_r,value.prop_p_p,value.prop_p_b,value.prop_p_u,value.prop_p_x,value.prop_b_r,value.prop_b_p,value.prop_b_b,value.prop_b_u,value.prop_b_x,value.prop_u_r,value.prop_u_p,value.prop_u_b,value.prop_u_u,value.prop_u_x,value.know,value.dontknow,value.other,value.TOT,visible
142,Young,9,1,NoInstruction,100,17,83,0.17,25,25,25,25,2,4,3,8,0.08,0.16,0.12,0.32,0.68,0.88,0.76,0.84,7,11,4,3,3,8,7,7,9,6,4,6,8,8,4,5,17,22,19,21,8,3,6,4,7,0,1,0,0,1,1,1,0,0,4,0,2,0,0,0,1,3,0,0,0.875,0,0.125,0,0,0.333333333,0.333333333,0.333333333,0,0,0.666666667,0,0.333333333,0,0,0,0.25,0.75,0,0,27,33,19,21,FALSE
143,Young,10,1,NoInstruction,100,29,71,0.29,25,25,25,25,7,11,8,3,0.28,0.44,0.32,0.12,0.76,0.68,0.68,0.76,15,1,0,9,19,0,1,5,18,1,1,5,15,1,1,8,19,17,17,19,6,8,8,6,5,0,1,0,0,2,0,6,0,0,1,0,7,0,0,2,1,3,0,0,0.833333333,0,0.166666667,0,0,0.25,0,0.75,0,0,0.125,0,0.875,0,0,0.333333333,0.166666667,0.5,0,0,67,3,3,27,FALSE
144,Young,11,1,NoInstruction,100,9,91,0.09,25,25,25,25,3,1,2,3,0.12,0.04,0.08,0.12,0.52,0.52,0.48,0.52,9,5,5,6,3,6,9,7,4,8,6,7,3,8,8,6,13,13,12,13,12,12,13,12,6,0,6,0,0,6,3,3,0,0,6,0,7,0,0,9,0,3,0,0,0.5,0,0.5,0,0,0.5,0.25,0.25,0,0,0.461538462,0,0.538461538,0,0,0.75,0,0.25,0,0,19,27,28,26,FALSE
145,Young,12,1,NoInstruction,100,19,81,0.19,25,25,25,25,3,2,10,4,0.12,0.08,0.4,0.16,0.52,0.64,0.56,0.64,8,9,3,5,6,9,4,6,16,3,4,2,6,9,3,7,13,16,14,16,12,9,11,9,8,1,3,0,0,6,0,3,0,0,6,0,5,0,0,5,0,4,0,0,0.666666667,0.083333333,0.25,0,0,0.666666667,0,0.333333333,0,0,0.545454545,0,0.454545455,0,0,0.555555556,0,0.444444444,0,0,36,30,14,20,FALSE
146,Young,13,1,NoInstruction,100,28,72,0.28,25,25,25,25,3,13,4,8,0.12,0.52,0.16,0.32,0.4,0.92,0.72,0.76,14,5,0,6,13,5,0,7,12,5,2,6,15,3,0,7,10,23,18,19,15,2,7,6,13,0,2,0,0,2,0,0,0,0,4,0,3,0,0,2,0,3,1,0,0.866666667,0,0.133333333,0,0,1,0,0,0,0,0.571428571,0,0.428571429,0,0,0.333333333,0,0.5,0.166666667,0,54,18,2,26,FALSE
147,Young,14,1,NoInstruction,100,12,88,0.12,25,25,25,25,3,8,1,0,0.12,0.32,0.04,0,0.68,0.52,0.44,0.56,4,11,2,8,8,9,4,4,2,15,2,6,1,12,5,7,17,13,11,14,8,12,14,11,5,0,3,0,0,6,1,5,0,0,7,0,7,0,0,8,0,2,0,0,0.625,0,0.375,0,0,0.5,0.083333333,0.416666667,0,0,0.5,0,0.5,0,0,0.727272727,0,0.181818182,0,0,15,47,13,25,FALSE
148,Young,15,1,NoInstruction,100,26,74,0.26,25,25,25,25,10,4,9,3,0.4,0.16,0.36,0.12,0.48,0.76,0.68,0.72,16,7,2,0,13,4,7,1,16,7,0,2,6,10,7,2,12,19,17,18,13,6,8,7,8,0,5,0,0,4,0,2,0,0,3,0,5,0,0,1,0,6,0,0,0.615384615,0,0.384615385,0,0,0.666666667,0,0.333333333,0,0,0.375,0,0.625,0,0,0.142857143,0,0.857142857,0,0,51,28,16,5,FALSE
149,Young,16,1,NoInstruction,100,20,80,0.2,25,25,25,25,3,7,6,4,0.12,0.28,0.24,0.16,0.6,0.72,0.52,0.64,14,6,1,4,12,6,0,7,11,10,1,3,5,11,3,6,15,18,13,16,10,7,12,9,8,0,2,0,0,5,1,1,0,0,3,0,9,0,0,4,2,3,0,0,0.8,0,0.2,0,0,0.714285714,0.142857143,0.142857143,0,0,0.25,0,0.75,0,0,0.444444444,0.222222222,0.333333333,0,0,42,33,5,20,FALSE
150,Young,17,1,NoInstruction,100,16,84,0.16,25,25,25,25,2,8,0,6,0.08,0.32,0,0.24,0.44,0.8,0.56,0.56,1,10,6,8,8,4,4,9,8,3,7,7,6,6,5,8,11,20,14,14,14,5,11,11,6,0,8,0,0,4,0,1,0,0,7,0,4,0,0,6,0,4,1,0,0.428571429,0,0.571428571,0,0,0.8,0,0.2,0,0,0.636363636,0,0.363636364,0,0,0.545454545,0,0.363636364,0.090909091,0,23,23,22,32,FALSE
151,Young,18,1,NoInstruction,100,24,77,0.24,25,25,25,25,7,10,5,2,0.28,0.4,0.2,0.08,0.68,0.68,0.64,0.76,9,14,1,1,12,8,3,2,3,14,4,4,4,16,2,3,17,17,16,19,8,8,9,6,5,0,3,0,0,2,1,4,1,0,5,1,3,0,0,3,1,2,0,0,0.625,0,0.375,0,0,0.25,0.125,0.5,0.125,0,0.555555556,0.111111111,0.333333333,0,0,0.5,0.166666667,0.333333333,0,0,28,52,10,10,FALSE
152,Young,19,1,NoInstruction,100,25,75,0.25,25,25,25,25,7,5,9,4,0.28,0.2,0.36,0.16,0.68,0.76,0.88,0.68,11,5,6,3,8,7,5,5,12,6,4,3,5,11,4,5,17,19,22,17,8,6,3,8,5,0,3,0,0,3,0,3,0,0,0,0,3,0,0,5,0,3,0,0,0.625,0,0.375,0,0,0.5,0,0.5,0,0,0,0,1,0,0,0.625,0,0.375,0,0,36,29,19,16,FALSE
153,Young,20,1,NoInstruction,100,15,85,0.15,25,25,25,25,4,1,8,2,0.16,0.04,0.32,0.08,0.52,0.56,0.44,0.48,4,5,6,10,3,7,9,6,14,6,3,2,5,9,3,8,13,14,11,12,12,11,14,13,9,0,3,0,0,9,0,2,0,0,5,1,7,1,0,7,0,6,0,0,0.75,0,0.25,0,0,0.818181818,0,0.181818182,0,0,0.357142857,0.071428571,0.5,0.071428571,0,0.538461538,0,0.461538462,0,0,26,27,21,26,FALSE
154,Young,21,1,NoInstruction,100,39,61,0.39,25,25,25,25,6,14,9,10,0.24,0.56,0.36,0.4,0.76,0.76,0.92,0.72,14,4,5,2,16,4,5,0,16,1,6,2,19,3,2,1,19,19,23,18,6,6,2,7,5,0,1,0,0,3,0,3,0,0,0,0,2,0,0,2,0,5,0,0,0.833333333,0,0.166666667,0,0,0.5,0,0.5,0,0,0,0,1,0,0,0.285714286,0,0.714285714,0,0,65,12,18,5,FALSE
155,Young,22,1,NoInstruction,100,32,68,0.32,25,25,25,25,13,9,6,4,0.52,0.36,0.24,0.16,0.72,0.56,0.84,0.72,10,7,7,1,6,10,7,2,7,8,8,2,6,9,10,0,18,14,21,18,7,11,4,7,3,1,3,0,0,7,0,4,0,0,3,0,1,0,0,4,1,2,0,0,0.428571429,0.142857143,0.428571429,0,0,0.636363636,0,0.363636364,0,0,0.75,0,0.25,0,0,0.571428571,0.142857143,0.285714286,0,0,29,34,32,5,FALSE
156,Young,23,1,NoInstruction,100,41,59,0.41,25,25,25,25,13,8,13,7,0.52,0.32,0.52,0.28,0.88,0.84,0.88,0.84,15,5,0,5,14,5,1,5,16,7,1,1,9,12,1,3,22,21,22,21,3,4,3,4,0,0,3,0,0,4,0,0,0,0,0,0,3,0,0,2,0,2,0,0,0,0,1,0,0,1,0,0,0,0,0,0,1,0,0,0.5,0,0.5,0,0,54,29,3,14,FALSE
157,Young,24,1,NoInstruction,100,8,92,0.08,25,25,25,25,0,2,3,3,0,0.08,0.12,0.12,0.6,0.52,0.4,0.68,1,10,13,1,1,12,11,1,6,8,10,1,2,14,9,0,15,13,10,17,10,12,15,8,6,0,4,0,0,8,0,4,0,0,7,0,8,0,0,3,0,5,0,0,0.6,0,0.4,0,0,0.666666667,0,0.333333333,0,0,0.466666667,0,0.533333333,0,0,0.375,0,0.625,0,0,10,44,43,3,FALSE
158,Young,25,1,NoInstruction,100,37,63,0.37,25,25,25,25,6,12,7,12,0.24,0.48,0.28,0.48,0.68,0.72,0.84,0.72,18,2,5,0,14,8,3,0,7,5,11,2,13,3,9,0,17,18,21,18,8,7,4,7,6,0,2,0,0,1,1,5,0,0,2,0,2,0,0,4,0,3,0,0,0.75,0,0.25,0,0,0.142857143,0.142857143,0.714285714,0,0,0.5,0,0.5,0,0,0.571428571,0,0.428571429,0,0,52,18,28,2,FALSE
159,Young,26,1,NoInstruction,100,12,88,0.12,25,25,25,25,4,5,2,1,0.16,0.2,0.08,0.04,0.56,0.68,0.68,0.84,11,3,2,9,8,8,2,7,5,7,0,13,5,3,3,14,14,17,17,21,11,8,8,4,8,1,2,0,0,2,1,5,0,0,5,0,3,0,0,2,0,2,0,0,0.727272727,0.090909091,0.181818182,0,0,0.25,0.125,0.625,0,0,0.625,0,0.375,0,0,0.5,0,0.5,0,0,29,21,7,43,FALSE
160,Young,27,1,NoInstruction,100,32,69,0.32,25,25,25,25,9,8,10,5,0.36,0.32,0.4,0.2,0.68,0.8,0.8,0.72,18,5,1,1,14,6,1,4,15,7,2,1,10,7,5,3,17,20,20,18,8,5,5,7,4,1,3,0,0,2,0,3,0,0,3,0,2,0,0,4,0,2,1,0,0.5,0.125,0.375,0,0,0.4,0,0.6,0,0,0.6,0,0.4,0,0,0.571428571,0,0.285714286,0.142857143,0,57,25,9,9,FALSE
161,Young,28,1,NoInstruction,100,12,88,0.12,25,25,25,25,1,5,5,1,0.04,0.2,0.2,0.04,0.44,0.56,0.44,0.44,5,9,8,3,3,16,5,1,7,6,7,5,4,12,5,4,11,14,11,11,14,11,14,14,12,0,2,0,0,6,1,4,0,0,7,0,7,0,0,8,0,5,1,0,0.857142857,0,0.142857143,0,0,0.545454545,0.090909091,0.363636364,0,0,0.5,0,0.5,0,0,0.571428571,0,0.357142857,0.071428571,0,19,43,25,13,FALSE
162,Young,29,1,NoInstruction,100,29,71,0.29,25,25,25,25,5,11,3,10,0.2,0.44,0.12,0.4,0.48,0.64,0.64,0.6,14,9,0,2,16,8,0,1,12,9,1,3,18,4,1,2,12,16,16,15,13,9,9,10,12,0,1,0,0,2,1,6,0,0,4,0,5,0,0,5,1,4,0,0,0.923076923,0,0.076923077,0,0,0.222222222,0.111111111,0.666666667,0,0,0.444444444,0,0.555555556,0,0,0.5,0.1,0.4,0,0,60,30,2,8,FALSE
163,Young,30,1,NoInstruction,100,17,84,0.17,25,25,25,25,5,7,3,2,0.2,0.28,0.12,0.08,0.64,0.48,0.64,0.64,2,12,7,4,7,6,10,2,6,11,4,4,2,10,6,7,16,12,16,16,9,13,9,9,4,0,5,0,0,6,1,6,0,0,6,0,3,0,0,6,0,3,0,0,0.444444444,0,0.555555556,0,0,0.461538462,0.076923077,0.461538462,0,0,0.666666667,0,0.333333333,0,0,0.666666667,0,0.333333333,0,0,17,39,27,17,FALSE
164,Young,31,1,NoInstruction,100,70,30,0.7,25,25,25,25,22,18,17,13,0.88,0.72,0.68,0.52,0.88,0.92,0.84,0.96,23,0,2,0,20,0,4,1,21,2,2,0,16,2,7,0,22,23,21,24,3,2,4,1,2,0,1,0,0,1,0,0,1,0,1,0,3,0,0,0,0,1,0,0,0.666666667,0,0.333333333,0,0,0.5,0,0,0.5,0,0.25,0,0.75,0,0,0,0,1,0,0,80,4,15,1,FALSE
165,Young,32,1,NoInstruction,100,17,83,0.17,25,25,25,25,1,5,7,4,0.04,0.2,0.28,0.16,0.68,0.52,0.56,0.6,8,5,10,2,8,7,9,1,8,7,8,2,6,6,9,4,17,13,14,15,8,12,11,10,6,1,1,0,0,7,2,3,0,0,4,2,5,0,0,4,0,6,0,0,0.75,0.125,0.125,0,0,0.583333333,0.166666667,0.25,0,0,0.363636364,0.181818182,0.454545455,0,0,0.4,0,0.6,0,0,30,25,36,9,FALSE
166,Young,33,1,NoInstruction,100,18,82,0.18,25,25,25,25,1,4,2,11,0.04,0.16,0.08,0.44,0.48,0.72,0.56,0.68,17,8,0,0,12,10,2,1,15,6,4,0,19,4,1,1,12,18,14,17,13,7,11,8,11,0,2,0,0,3,1,3,0,0,3,0,7,1,0,3,1,4,0,0,0.846153846,0,0.153846154,0,0,0.428571429,0.142857143,0.428571429,0,0,0.272727273,0,0.636363636,0.090909091,0,0.375,0.125,0.5,0,0,63,28,7,2,FALSE
167,Young,34,1,NoInstruction,100,33,67,0.33,25,25,25,25,9,10,9,5,0.36,0.4,0.36,0.2,0.92,0.76,0.96,0.68,12,10,3,0,14,9,2,0,13,9,2,1,10,12,2,1,23,19,24,17,2,6,1,8,2,0,0,0,0,2,1,3,0,0,0,0,1,0,0,4,1,3,0,0,1,0,0,0,0,0.333333333,0.166666667,0.5,0,0,0,0,1,0,0,0.5,0.125,0.375,0,0,49,40,9,2,FALSE
168,Young,35,1,NoInstruction,100,15,86,0.15,25,25,25,25,6,3,4,2,0.24,0.12,0.16,0.08,0.48,0.6,0.4,0.56,7,12,6,0,8,8,7,2,6,14,3,2,4,13,7,1,12,15,10,14,13,10,15,11,9,0,4,0,0,5,0,5,0,0,9,0,6,0,0,6,0,5,0,0,0.692307692,0,0.307692308,0,0,0.5,0,0.5,0,0,0.6,0,0.4,0,0,0.545454545,0,0.454545455,0,0,25,47,23,5,FALSE
169,Young,36,1,NoInstruction,100,18,82,0.18,25,25,25,25,1,7,5,5,0.04,0.28,0.2,0.2,0.6,0.72,0.68,0.76,13,2,5,5,9,7,1,8,11,5,6,3,7,9,6,3,15,18,17,19,10,7,8,6,7,0,3,0,0,5,0,1,1,0,5,0,3,0,0,2,0,4,0,0,0.7,0,0.3,0,0,0.714285714,0,0.142857143,0.142857143,0,0.625,0,0.375,0,0,0.333333333,0,0.666666667,0,0,40,23,18,19,FALSE
170,Young,37,1,NoInstruction,100,12,88,0.12,25,25,25,25,2,2,3,5,0.08,0.08,0.12,0.2,0.68,0.68,0.72,0.64,7,5,8,5,3,12,5,5,4,6,8,7,9,7,4,5,17,17,18,16,8,8,7,9,5,0,3,0,0,3,0,5,0,0,5,0,2,0,0,6,1,2,0,0,0.625,0,0.375,0,0,0.375,0,0.625,0,0,0.714285714,0,0.285714286,0,0,0.666666667,0.111111111,0.222222222,0,0,23,30,25,22,FALSE
171,Young,38,1,NoInstruction,100,17,83,0.17,25,25,25,25,3,8,4,2,0.12,0.32,0.16,0.08,0.68,0.64,0.68,0.72,10,4,8,3,11,6,7,1,11,7,5,2,4,10,10,1,17,16,17,18,8,9,8,7,5,2,1,0,0,5,0,4,0,0,4,0,4,0,0,5,0,2,0,0,0.625,0.25,0.125,0,0,0.555555556,0,0.444444444,0,0,0.5,0,0.5,0,0,0.714285714,0,0.285714286,0,0,36,27,30,7,FALSE
172,Young,39,1,NoInstruction,100,8,92,0.08,25,25,25,25,1,0,4,3,0.04,0,0.16,0.12,0.36,0.44,0.68,0.52,15,8,0,2,8,7,2,8,6,10,1,8,10,9,1,5,9,11,17,13,16,14,8,12,11,1,4,0,0,6,0,8,0,0,4,0,4,0,0,4,2,6,0,0,0.6875,0.0625,0.25,0,0,0.428571429,0,0.571428571,0,0,0.5,0,0.5,0,0,0.333333333,0.166666667,0.5,0,0,39,34,4,23,FALSE
173,Young,40,1,NoInstruction,100,20,81,0.2,25,25,25,25,4,5,6,5,0.16,0.2,0.24,0.2,0.64,0.72,0.52,0.64,15,5,2,3,11,3,1,10,17,4,0,4,9,6,1,9,16,18,13,16,9,7,12,9,6,0,3,0,0,4,0,3,0,0,7,1,4,0,0,6,0,3,0,0,0.666666667,0,0.333333333,0,0,0.571428571,0,0.428571429,0,0,0.583333333,0.083333333,0.333333333,0,0,0.666666667,0,0.333333333,0,0,52,18,4,26,FALSE
174,Young,41,1,NoInstruction,100,23,77,0.23,25,25,25,25,5,6,5,7,0.2,0.24,0.2,0.28,0.68,0.84,0.76,0.64,6,11,6,2,5,11,7,2,6,7,11,1,5,10,6,4,17,21,19,16,8,4,6,9,4,0,2,2,0,1,0,3,0,0,4,0,2,0,0,7,0,2,0,0,0.5,0,0.25,0.25,0,0.25,0,0.75,0,0,0.666666667,0,0.333333333,0,0,0.777777778,0,0.222222222,0,0,22,39,30,9,FALSE
175,Young,42,1,NoInstruction,100,26,74,0.26,25,25,25,25,9,7,5,5,0.36,0.28,0.2,0.2,0.8,0.72,0.76,0.88,13,5,5,2,13,7,1,4,12,6,2,5,7,10,3,5,20,18,19,22,5,7,6,3,3,0,2,0,0,2,1,4,0,0,5,0,0,1,0,2,0,1,0,0,0.6,0,0.4,0,0,0.285714286,0.142857143,0.571428571,0,0,0.833333333,0,0,0.166666667,0,0.666666667,0,0.333333333,0,0,45,28,11,16,FALSE
176,Young,43,1,NoInstruction,100,30,70,0.3,25,25,25,25,10,9,7,4,0.4,0.36,0.28,0.16,0.72,0.72,0.64,0.68,20,4,0,1,12,6,3,4,12,6,3,4,9,9,3,4,18,18,16,17,7,7,9,8,6,0,1,0,0,5,0,2,0,0,3,0,6,0,0,4,1,2,1,0,0.857142857,0,0.142857143,0,0,0.714285714,0,0.285714286,0,0,0.333333333,0,0.666666667,0,0,0.5,0.125,0.25,0.125,0,53,25,9,13,FALSE
177,Young,44,1,NoInstruction,100,17,83,0.17,25,25,25,25,2,4,6,5,0.08,0.16,0.24,0.2,0.48,0.56,0.52,0.72,8,5,11,1,9,7,6,3,11,6,6,2,8,9,1,7,12,14,13,18,13,11,12,7,10,0,3,0,0,8,1,2,0,0,6,0,6,0,0,6,0,1,0,0,0.769230769,0,0.230769231,0,0,0.727272727,0.090909091,0.181818182,0,0,0.5,0,0.5,0,0,0.857142857,0,0.142857143,0,0,36,27,24,13,FALSE
87,Young,59,2,NoInstruction,100,27,73,0.27,25,25,25,25,7,9,8,3,0.28,0.36,0.32,0.12,0.72,0.96,0.72,0.76,17,7,1,0,17,5,0,3,14,7,1,3,13,11,0,1,18,24,18,19,7,1,7,6,4,0,3,0,0,1,0,0,0,0,3,3,1,0,0,2,0,4,0,0,0.571428571,0,0.428571429,0,0,1,0,0,0,0,0.428571429,0.428571429,0.142857143,0,0,0.333333333,0,0.666666667,0,0,61,30,2,7,FALSE
96,Young,60,2,NoInstruction,100,16,84,0.16,25,25,25,25,2,5,4,5,0.08,0.2,0.16,0.2,0.6,0.8,0.56,0.68,19,3,2,1,11,2,7,5,18,4,2,1,9,9,3,4,15,20,14,17,10,5,11,8,9,0,1,0,0,3,0,2,0,0,5,1,5,0,0,4,0,4,0,0,0.9,0,0.1,0,0,0.6,0,0.4,0,0,0.454545455,0.090909091,0.454545455,0,0,0.5,0,0.5,0,0,57,18,14,11,FALSE
69,Young,61,2,NoInstruction,100,30,70,0.3,25,25,25,25,5,10,6,9,0.2,0.4,0.24,0.36,0.6,0.84,0.8,0.68,6,7,11,1,12,4,7,2,8,4,8,5,15,2,6,2,15,21,20,17,10,4,5,8,6,0,3,0,1,2,0,2,0,0,3,0,2,0,0,3,1,3,0,1,0.6,0,0.3,0,0.1,0.5,0,0.5,0,0,0.6,0,0.4,0,0,0.375,0.125,0.375,0,0.125,41,17,32,10,FALSE
78,Young,62,2,NoInstruction,100,47,53,0.47,25,25,25,25,12,13,13,9,0.48,0.52,0.52,0.36,0.88,0.92,0.96,0.84,16,2,0,7,23,0,0,2,14,1,0,10,14,1,0,10,22,23,24,21,3,2,1,4,1,0,2,0,0,0,0,2,0,0,1,0,0,0,0,3,0,0,1,0,0.333333333,0,0.666666667,0,0,0,0,1,0,0,1,0,0,0,0,0.75,0,0,0.25,0,67,4,0,29,FALSE
88,Young,63,2,NoInstruction,100,32,68,0.32,25,25,25,25,13,8,9,2,0.52,0.32,0.36,0.08,0.68,0.84,0.88,0.64,15,3,5,2,8,8,6,3,10,8,4,3,3,11,10,1,17,21,22,16,8,4,3,9,4,0,4,0,0,3,1,0,0,0,0,0,3,0,0,6,1,2,0,0,0.5,0,0.5,0,0,0.75,0.25,0,0,0,0,0,1,0,0,0.666666667,0.111111111,0.222222222,0,0,36,30,25,9,FALSE
97,Young,64,2,NoInstruction,100,55,45,0.55,25,25,25,25,11,14,15,15,0.44,0.56,0.6,0.6,0.84,1,0.92,0.88,17,0,5,3,17,1,6,1,17,0,7,1,15,4,5,1,21,25,23,22,4,0,2,3,4,0,0,0,0,0,0,0,0,0,0,0,2,0,0,1,0,2,0,0,1,0,0,0,0,NA,NA,NA,NA,NA,0,0,1,0,0,0.333333333,0,0.666666667,0,0,66,5,23,6,FALSE
70,Young,65,2,NoInstruction,100,26,74,0.26,25,25,25,25,3,13,3,7,0.12,0.52,0.12,0.28,0.64,0.84,0.72,0.72,12,4,5,4,15,3,0,7,12,3,4,6,11,4,1,9,16,21,18,18,9,4,7,7,8,0,1,0,0,2,1,1,0,0,5,0,2,0,0,5,0,2,0,0,0.888888889,0,0.111111111,0,0,0.5,0.25,0.25,0,0,0.714285714,0,0.285714286,0,0,0.714285714,0,0.285714286,0,0,50,14,10,26,FALSE
79,Young,66,2,NoInstruction,100,19,81,0.19,25,25,25,25,5,8,2,4,0.2,0.32,0.08,0.16,0.64,0.56,0.56,0.64,5,6,9,5,11,5,6,3,3,6,16,0,3,5,14,3,16,14,14,16,9,11,11,9,2,0,7,0,0,7,1,3,0,0,5,2,4,0,0,6,0,3,0,0,0.222222222,0,0.777777778,0,0,0.636363636,0.090909091,0.272727273,0,0,0.454545455,0.181818182,0.363636364,0,0,0.666666667,0,0.333333333,0,0,22,22,45,11,FALSE
89,Young,67,2,NoInstruction,100,16,84,0.16,25,25,25,25,3,2,8,3,0.12,0.08,0.32,0.12,0.56,0.6,0.44,0.68,4,12,7,2,1,13,9,2,2,14,8,1,2,15,6,2,14,15,11,17,11,10,14,8,7,1,3,0,0,7,0,3,0,0,4,0,10,0,0,6,0,2,0,0,0.636363636,0.090909091,0.272727273,0,0,0.7,0,0.3,0,0,0.285714286,0,0.714285714,0,0,0.75,0,0.25,0,0,9,54,30,7,FALSE
98,Young,68,2,NoInstruction,100,9,91,0.09,25,25,25,25,0,1,5,3,0,0.04,0.2,0.12,0.44,0.4,0.56,0.76,3,9,8,5,2,12,7,4,5,11,6,3,4,11,6,4,11,10,14,19,14,15,11,6,7,0,7,0,0,9,2,4,0,0,6,0,5,0,0,3,0,3,0,0,0.5,0,0.5,0,0,0.6,0.133333333,0.266666667,0,0,0.545454545,0,0.454545455,0,0,0.5,0,0.5,0,0,14,43,27,16,FALSE
71,Young,69,2,NoInstruction,100,28,72,0.28,25,25,25,25,2,14,3,9,0.08,0.56,0.12,0.36,0.8,0.88,0.88,0.8,3,17,4,1,13,9,1,2,9,9,5,2,9,9,7,0,20,22,22,20,5,3,3,5,2,0,3,0,0,0,0,3,0,0,1,1,1,0,0,2,0,3,0,0,0.4,0,0.6,0,0,0,0,1,0,0,0.333333333,0.333333333,0.333333333,0,0,0.4,0,0.6,0,0,34,44,17,5,FALSE
80,Young,70,2,NoInstruction,100,39,61,0.39,25,25,25,25,9,16,8,6,0.36,0.64,0.32,0.24,0.84,0.72,0.84,0.8,16,1,5,3,18,2,1,4,16,5,2,2,12,6,4,3,21,18,21,20,4,7,4,5,2,0,2,0,0,3,0,4,0,0,1,0,3,0,0,3,0,2,0,0,0.5,0,0.5,0,0,0.428571429,0,0.571428571,0,0,0.25,0,0.75,0,0,0.6,0,0.4,0,0,62,14,12,12,FALSE
90,Young,71,2,NoInstruction,100,17,83,0.17,25,25,25,25,9,4,2,2,0.36,0.16,0.08,0.08,0.56,0.84,0.6,0.76,18,3,4,0,15,4,5,1,12,8,4,1,6,9,9,1,14,21,15,19,11,4,10,6,7,1,3,0,0,1,1,2,0,0,1,0,9,0,0,3,0,3,0,0,0.636363636,0.090909091,0.272727273,0,0,0.25,0.25,0.5,0,0,0.1,0,0.9,0,0,0.5,0,0.5,0,0,51,24,22,3,FALSE
99,Young,72,2,NoInstruction,100,17,83,0.17,25,25,25,25,1,5,6,5,0.04,0.2,0.24,0.2,0.6,0.64,0.44,0.64,7,4,14,0,8,6,8,3,14,6,5,0,5,8,9,3,15,16,11,16,10,9,14,9,7,0,3,0,0,5,0,4,0,0,9,1,4,0,0,3,1,5,0,0,0.7,0,0.3,0,0,0.555555556,0,0.444444444,0,0,0.642857143,0.071428571,0.285714286,0,0,0.333333333,0.111111111,0.555555556,0,0,34,24,36,6,FALSE
81,Young,74,2,NoInstruction,100,41,59,0.41,25,25,25,25,12,16,8,5,0.48,0.64,0.32,0.2,0.88,0.88,0.8,0.88,11,7,7,0,16,1,6,2,10,7,8,0,10,2,12,1,22,22,20,22,3,3,5,3,0,0,3,0,0,2,0,1,0,0,2,0,2,1,0,2,0,1,0,0,0,0,1,0,0,0.666666667,0,0.333333333,0,0,0.4,0,0.4,0.2,0,0.666666667,0,0.333333333,0,0,47,17,33,3,FALSE
91,Young,75,2,NoInstruction,100,18,82,0.18,25,25,25,25,7,3,5,3,0.28,0.12,0.2,0.12,0.6,0.6,0.76,0.76,10,6,3,6,6,12,3,4,4,14,2,5,2,13,3,7,15,15,19,19,10,10,6,6,4,0,5,1,0,7,0,2,1,0,3,1,2,0,0,5,0,1,0,0,0.4,0,0.5,0.1,0,0.7,0,0.2,0.1,0,0.5,0.166666667,0.333333333,0,0,0.833333333,0,0.166666667,0,0,22,45,11,22,FALSE
100,Young,76,2,NoInstruction,100,40,60,0.4,25,25,25,25,6,10,12,12,0.24,0.4,0.48,0.48,0.6,0.68,0.72,0.76,17,3,4,1,17,5,3,0,21,2,1,1,17,8,0,0,15,17,18,19,10,8,7,6,6,0,4,0,0,7,0,1,0,0,4,0,3,0,0,4,0,2,0,0,0.6,0,0.4,0,0,0.875,0,0.125,0,0,0.571428571,0,0.428571429,0,0,0.666666667,0,0.333333333,0,0,72,18,8,2,FALSE
72,Young,77,2,NoInstruction,100,14,86,0.14,25,25,25,25,1,6,2,5,0.04,0.24,0.08,0.2,0.6,0.76,0.64,0.64,7,9,3,6,4,14,3,4,4,11,3,7,9,10,2,4,15,19,16,16,10,6,9,9,7,0,3,0,0,1,1,4,0,0,5,0,4,0,0,5,2,2,0,0,0.7,0,0.3,0,0,0.166666667,0.166666667,0.666666667,0,0,0.555555556,0,0.444444444,0,0,0.555555556,0.222222222,0.222222222,0,0,24,44,11,21,FALSE
82,Young,78,2,NoInstruction,100,46,54,0.46,25,25,25,25,12,17,9,8,0.48,0.68,0.36,0.32,0.84,0.8,0.84,0.92,10,4,10,1,16,3,2,4,8,4,8,5,6,7,8,4,21,20,21,23,4,5,4,2,0,1,3,0,0,1,0,4,0,0,3,0,1,0,0,2,0,0,0,0,0,0.25,0.75,0,0,0.2,0,0.8,0,0,0.75,0,0.25,0,0,1,0,0,0,0,40,18,28,14,FALSE
92,Young,79,2,NoInstruction,100,20,80,0.2,25,25,25,25,8,3,8,1,0.32,0.12,0.32,0.04,0.68,0.64,0.68,0.6,11,4,5,5,8,6,10,1,12,7,3,3,1,12,11,1,17,16,17,15,8,9,8,10,4,1,3,0,0,7,0,2,0,0,2,0,6,0,0,4,1,3,2,0,0.5,0.125,0.375,0,0,0.777777778,0,0.222222222,0,0,0.25,0,0.75,0,0,0.4,0.1,0.3,0.2,0,32,29,29,10,FALSE
101,Young,80,2,NoInstruction,100,31,69,0.31,25,25,25,25,4,13,8,6,0.16,0.52,0.32,0.24,0.56,0.88,0.44,0.8,9,5,6,5,14,5,3,3,13,4,7,1,6,9,4,6,14,22,11,20,11,3,14,5,10,0,1,0,0,3,0,0,0,0,3,1,10,0,0,3,0,2,0,0,0.909090909,0,0.090909091,0,0,1,0,0,0,0,0.214285714,0.071428571,0.714285714,0,0,0.6,0,0.4,0,0,42,23,20,15,FALSE
73,Young,81,2,NoInstruction,100,16,84,0.16,25,25,25,25,1,8,2,5,0.04,0.32,0.08,0.2,0.4,0.8,0.56,0.6,7,16,1,1,7,16,2,0,4,18,3,0,2,14,7,2,10,20,14,15,15,5,11,10,12,0,0,1,2,1,1,3,0,0,2,1,5,0,3,5,0,4,0,1,0.8,0,0,0.066666667,0.133333333,0.2,0.2,0.6,0,0,0.181818182,0.090909091,0.454545455,0,0.272727273,0.5,0,0.4,0,0.1,20,64,13,3,FALSE
83,Young,82,2,NoInstruction,100,25,75,0.25,25,25,25,25,5,12,5,3,0.2,0.48,0.2,0.12,0.88,0.84,0.8,0.84,8,13,2,2,19,3,1,2,11,11,1,2,4,16,4,1,22,21,20,21,3,4,5,4,1,0,1,1,0,1,0,3,0,0,2,0,3,0,0,1,0,3,0,0,0.333333333,0,0.333333333,0.333333333,0,0.25,0,0.75,0,0,0.4,0,0.6,0,0,0.25,0,0.75,0,0,42,43,8,7,FALSE
93,Young,83,2,NoInstruction,100,20,80,0.2,25,25,25,25,6,5,5,4,0.24,0.2,0.2,0.16,0.56,0.92,0.72,0.68,13,2,5,5,7,5,4,9,13,6,1,5,7,5,5,8,14,23,18,17,11,2,7,8,7,0,4,0,0,1,0,1,0,0,2,0,5,0,0,4,0,4,0,0,0.636363636,0,0.363636364,0,0,0.5,0,0.5,0,0,0.285714286,0,0.714285714,0,0,0.5,0,0.5,0,0,40,18,15,27,FALSE
102,Young,84,2,NoInstruction,100,20,80,0.2,25,25,25,25,3,4,7,6,0.12,0.16,0.28,0.24,0.68,0.72,0.56,0.92,6,8,7,4,5,9,6,5,8,8,7,2,7,9,2,7,17,18,14,23,8,7,11,2,6,0,2,0,0,3,0,2,2,0,7,1,3,0,0,0,0,2,0,0,0.75,0,0.25,0,0,0.428571429,0,0.285714286,0.285714286,0,0.636363636,0.090909091,0.272727273,0,0,0,0,1,0,0,26,34,22,18,FALSE
74,Young,85,2,NoInstruction,100,4,96,0.04,25,25,25,25,0,2,0,2,0,0.08,0,0.08,0.44,0.52,0.64,0.56,3,6,14,2,4,9,9,3,9,2,12,2,10,5,7,3,11,13,16,14,14,12,9,11,11,0,3,0,0,5,0,7,0,0,3,0,6,0,0,5,1,5,0,0,0.785714286,0,0.214285714,0,0,0.416666667,0,0.583333333,0,0,0.333333333,0,0.666666667,0,0,0.454545455,0.090909091,0.454545455,0,0,26,22,42,10,FALSE
84,Young,86,2,NoInstruction,100,2,98,0.02,25,25,25,25,0,2,0,0,0,0.08,0,0,0.24,0.44,0.4,0.56,2,16,5,2,3,11,9,2,4,10,11,0,4,11,10,0,6,11,10,14,19,14,15,11,10,0,8,1,0,8,0,6,0,0,10,0,5,0,0,7,1,3,0,0,0.526315789,0,0.421052632,0.052631579,0,0.571428571,0,0.428571429,0,0,0.666666667,0,0.333333333,0,0,0.636363636,0.090909091,0.272727273,0,0,13,48,35,4,FALSE
94,Young,87,2,NoInstruction,100,32,68,0.32,25,25,25,25,9,8,9,6,0.36,0.32,0.36,0.24,0.6,0.84,0.76,0.92,11,3,7,4,8,4,10,3,11,5,7,2,8,4,12,1,15,21,19,23,10,4,6,2,5,0,5,0,0,4,0,0,0,0,3,0,3,0,0,2,0,0,0,0,0.5,0,0.5,0,0,1,0,0,0,0,0.5,0,0.5,0,0,1,0,0,0,0,38,16,36,10,FALSE
103,Young,88,2,NoInstruction,100,18,82,0.18,25,25,25,25,2,5,8,3,0.08,0.2,0.32,0.12,0.68,0.72,0.68,0.68,4,9,11,1,6,10,8,1,11,7,6,1,6,11,8,0,17,18,17,17,8,7,8,8,2,0,6,0,0,4,0,3,0,0,5,0,3,0,0,2,1,5,0,0,0.25,0,0.75,0,0,0.571428571,0,0.428571429,0,0,0.625,0,0.375,0,0,0.25,0.125,0.625,0,0,27,37,33,3,FALSE
75,Young,89,2,NoInstruction,100,28,72,0.28,25,25,25,25,4,13,3,8,0.16,0.52,0.12,0.32,0.6,0.8,0.68,0.64,6,6,4,9,11,7,5,2,8,1,8,8,10,5,7,3,15,20,17,16,10,5,8,9,7,1,1,0,1,0,0,3,0,2,3,0,5,0,0,3,0,4,0,2,0.7,0.1,0.1,0,0.1,0,0,0.6,0,0.4,0.375,0,0.625,0,0,0.333333333,0,0.444444444,0,0.222222222,35,19,24,22,FALSE
85,Young,90,2,NoInstruction,100,10,90,0.1,25,25,25,25,3,6,1,0,0.12,0.24,0.04,0,0.6,0.52,0.68,0.6,7,11,5,2,13,6,3,3,7,13,5,0,4,13,6,2,15,13,17,15,10,12,8,10,5,0,5,0,0,6,1,5,0,0,5,0,3,0,0,6,0,4,0,0,0.5,0,0.5,0,0,0.5,0.083333333,0.416666667,0,0,0.625,0,0.375,0,0,0.6,0,0.4,0,0,31,43,19,7,FALSE
95,Young,91,2,NoInstruction,100,25,75,0.25,25,25,25,25,7,5,8,5,0.28,0.2,0.32,0.2,0.84,0.8,0.84,0.76,10,2,13,0,7,1,14,3,8,5,8,4,12,3,7,3,21,20,21,19,4,5,4,6,1,0,2,1,0,4,1,0,0,0,2,0,2,0,0,5,0,1,0,0,0.25,0,0.5,0.25,0,0.8,0.2,0,0,0,0.5,0,0.5,0,0,0.833333333,0,0.166666667,0,0,37,11,42,10,FALSE
104,Young,92,2,NoInstruction,100,31,69,0.31,25,25,25,25,3,5,12,11,0.12,0.2,0.48,0.44,0.68,0.64,0.68,0.76,9,3,9,4,10,4,10,1,16,3,5,1,11,6,7,1,17,16,17,19,8,9,8,6,7,0,1,0,0,6,0,3,0,0,4,0,4,0,0,2,0,4,0,0,0.875,0,0.125,0,0,0.666666667,0,0.333333333,0,0,0.5,0,0.5,0,0,0.333333333,0,0.666666667,0,0,46,16,31,7,FALSE
76,Young,93,2,NoInstruction,100,41,59,0.41,25,25,25,25,5,15,6,15,0.2,0.6,0.24,0.6,0.72,0.96,0.8,0.76,6,8,6,5,15,5,1,4,6,9,5,5,15,3,4,3,18,24,20,19,7,1,5,6,5,0,2,0,0,0,0,1,0,0,2,0,3,0,0,1,1,4,0,0,0.714285714,0,0.285714286,0,0,0,0,1,0,0,0.4,0,0.6,0,0,0.166666667,0.166666667,0.666666667,0,0,42,25,16,17,FALSE
86,Young,94,2,NoInstruction,100,7,93,0.07,25,25,25,25,3,2,1,1,0.12,0.08,0.04,0.04,0.36,0.48,0.32,0.48,11,7,3,4,10,6,3,6,10,6,2,7,7,10,1,7,9,12,8,12,16,13,17,13,9,2,4,1,0,6,4,3,0,0,4,1,12,0,0,6,0,2,5,0,0.5625,0.125,0.25,0.0625,0,0.461538462,0.307692308,0.230769231,0,0,0.235294118,0.058823529,0.705882353,0,0,0.461538462,0,0.153846154,0.384615385,0,38,29,9,24,FALSE
105,Young,95,2,NoInstruction,100,17,83,0.17,25,25,25,25,6,2,6,3,0.24,0.08,0.24,0.12,0.56,0.6,0.68,0.56,6,7,11,1,4,3,15,3,6,6,11,2,1,7,15,2,14,15,17,14,11,10,8,11,4,0,7,0,0,6,0,4,0,0,6,1,1,0,0,8,0,3,0,0,0.363636364,0,0.636363636,0,0,0.6,0,0.4,0,0,0.75,0.125,0.125,0,0,0.727272727,0,0.272727273,0,0,17,23,52,8,FALSE
77,Young,97,2,NoInstruction,100,46,54,0.46,25,25,25,25,5,19,10,12,0.2,0.76,0.4,0.48,0.72,1,0.88,0.84,17,1,7,0,24,1,0,0,20,3,0,2,20,1,1,3,18,25,22,21,7,0,3,4,7,0,0,0,0,0,0,0,0,0,0,0,2,0,1,2,0,1,1,0,1,0,0,0,0,NA,NA,NA,NA,NA,0,0,0.666666667,0,0.333333333,0.5,0,0.25,0.25,0,81,6,8,5,FALSE
106,Old,101,4,NoInstruction,100,31,69,0.31,25,25,25,25,7,12,6,6,0.28,0.48,0.24,0.24,0.84,0.88,0.72,0.56,18,3,0,4,16,4,0,5,17,5,0,3,12,6,2,5,21,22,18,14,4,3,7,11,3,0,1,0,0,1,1,0,0,1,3,0,3,0,1,5,0,5,0,1,0.75,0,0.25,0,0,0.333333333,0.333333333,0,0,0.333333333,0.428571429,0,0.428571429,0,0.142857143,0.454545455,0,0.454545455,0,0.090909091,63,18,2,17,FALSE
115,Old,102,4,NoInstruction,100,33,67,0.33,25,25,25,25,10,15,4,4,0.4,0.6,0.16,0.16,0.68,0.8,0.76,0.88,14,7,3,1,18,5,1,1,5,12,5,3,7,12,2,4,17,20,19,22,8,5,6,3,5,0,3,0,0,1,0,4,0,0,1,0,4,0,1,2,0,0,0,1,0.625,0,0.375,0,0,0.2,0,0.8,0,0,0.166666667,0,0.666666667,0,0.166666667,0.666666667,0,0,0,0.333333333,44,36,11,9,FALSE
124,Old,103,4,NoInstruction,100,38,62,0.38,25,25,25,25,8,9,13,8,0.32,0.36,0.52,0.32,0.8,0.72,0.76,0.8,15,7,1,2,16,7,2,0,17,6,2,0,15,5,3,2,20,18,19,20,5,7,6,5,2,0,2,0,1,6,0,1,0,0,3,0,2,0,1,3,0,0,0,2,0.4,0,0.4,0,0.2,0.857142857,0,0.142857143,0,0,0.5,0,0.333333333,0,0.166666667,0.6,0,0,0,0.4,63,25,8,4,FALSE
133,Old,104,4,NoInstruction,100,28,72,0.28,25,25,25,25,6,7,6,9,0.24,0.28,0.24,0.36,0.64,0.76,0.6,0.84,14,9,0,2,13,8,0,4,12,10,1,2,12,8,0,5,16,19,15,21,9,6,10,4,8,0,1,0,0,4,1,0,0,1,4,0,4,0,2,2,0,1,0,1,0.888888889,0,0.111111111,0,0,0.666666667,0.166666667,0,0,0.166666667,0.4,0,0.4,0,0.2,0.5,0,0.25,0,0.25,51,35,1,13,FALSE
107,Old,105,4,NoInstruction,100,59,41,0.59,25,25,25,25,13,19,12,15,0.52,0.76,0.48,0.6,0.8,0.92,0.84,0.92,7,2,15,1,19,2,3,1,14,5,5,1,14,3,5,3,20,23,21,23,5,2,4,2,4,0,1,0,0,1,0,1,0,0,0,1,2,0,1,0,0,2,0,0,0.8,0,0.2,0,0,0.5,0,0.5,0,0,0,0.25,0.5,0,0.25,0,0,1,0,0,54,12,28,6,FALSE
116,Old,106,4,NoInstruction,100,38,62,0.38,25,25,25,25,11,13,6,8,0.44,0.52,0.24,0.32,0.84,0.8,0.64,0.8,11,5,0,9,18,2,1,4,11,7,0,7,9,10,1,5,21,20,16,20,4,5,9,5,3,0,1,0,0,2,0,2,0,1,7,0,2,0,0,3,0,2,0,0,0.75,0,0.25,0,0,0.4,0,0.4,0,0.2,0.777777778,0,0.222222222,0,0,0.6,0,0.4,0,0,49,24,2,25,FALSE
125,Old,107,4,NoInstruction,100,29,71,0.29,25,25,25,25,6,8,9,6,0.24,0.32,0.36,0.24,0.8,0.8,0.84,0.68,5,13,6,1,8,13,2,2,9,13,2,1,8,13,2,2,20,20,21,17,5,5,4,8,3,0,2,0,0,2,0,3,0,0,2,0,2,0,0,3,1,3,1,0,0.6,0,0.4,0,0,0.4,0,0.6,0,0,0.5,0,0.5,0,0,0.375,0.125,0.375,0.125,0,30,52,12,6,FALSE
134,Old,108,4,NoInstruction,100,56,44,0.56,25,25,25,25,10,16,18,12,0.4,0.64,0.72,0.48,0.8,0.96,0.96,0.92,13,5,7,0,18,1,6,0,21,2,1,1,12,7,3,3,20,24,24,23,5,1,1,2,4,0,1,0,0,1,0,0,0,0,0,0,0,0,1,0,0,2,0,0,0.8,0,0.2,0,0,1,0,0,0,0,0,0,0,0,1,0,0,1,0,0,64,15,17,4,FALSE
108,Old,109,4,NoInstruction,100,22,78,0.22,25,25,25,25,3,7,6,6,0.12,0.28,0.24,0.24,0.56,0.68,0.52,0.64,24,0,0,1,21,4,0,0,25,0,0,0,24,1,0,0,14,17,13,16,11,8,12,9,7,1,2,0,1,4,1,2,0,1,5,0,7,0,0,3,1,3,2,0,0.636363636,0.090909091,0.181818182,0,0.090909091,0.5,0.125,0.25,0,0.125,0.416666667,0,0.583333333,0,0,0.333333333,0.111111111,0.333333333,0.222222222,0,94,5,0,1,FALSE
117,Old,110,4,NoInstruction,100,16,84,0.16,25,25,25,25,4,8,1,3,0.16,0.32,0.04,0.12,0.64,0.76,0.68,0.72,5,20,0,0,10,14,1,0,3,22,0,0,3,22,0,0,16,19,17,18,9,6,8,7,3,0,4,0,2,2,1,3,0,0,3,1,4,0,0,4,0,2,0,1,0.333333333,0,0.444444444,0,0.222222222,0.333333333,0.166666667,0.5,0,0,0.375,0.125,0.5,0,0,0.571428571,0,0.285714286,0,0.142857143,21,78,1,0,FALSE
126,Old,111,4,NoInstruction,100,8,92,0.08,25,25,25,25,1,4,2,1,0.04,0.16,0.08,0.04,0.24,0.28,0.4,0.32,17,7,0,1,13,11,0,1,16,7,0,2,8,13,1,3,6,7,10,8,19,18,15,17,16,0,2,1,0,2,10,5,0,1,2,0,12,0,1,4,1,1,11,0,0.842105263,0,0.105263158,0.052631579,0,0.111111111,0.555555556,0.277777778,0,0.055555556,0.133333333,0,0.8,0,0.066666667,0.235294118,0.058823529,0.058823529,0.647058824,0,54,38,1,7,FALSE
135,Old,112,4,NoInstruction,100,33,67,0.33,25,25,25,25,5,11,8,9,0.2,0.44,0.32,0.36,0.72,0.92,0.72,0.88,8,17,0,0,13,12,0,0,10,15,0,0,9,16,0,0,18,23,18,22,7,2,7,3,3,0,3,0,1,1,0,1,0,0,2,0,5,0,0,1,0,2,0,0,0.428571429,0,0.428571429,0,0.142857143,0.5,0,0.5,0,0,0.285714286,0,0.714285714,0,0,0.333333333,0,0.666666667,0,0,40,60,0,0,FALSE
109,Old,113,4,NoInstruction,100,14,86,0.14,25,25,25,25,2,6,2,4,0.08,0.24,0.08,0.16,0.64,0.64,0.56,0.68,2,19,0,4,6,16,0,3,3,17,0,5,5,16,0,4,16,16,14,17,9,9,11,8,3,0,1,0,5,4,0,1,0,4,2,0,7,0,2,1,0,3,1,3,0.333333333,0,0.111111111,0,0.555555556,0.444444444,0,0.111111111,0,0.444444444,0.181818182,0,0.636363636,0,0.181818182,0.125,0,0.375,0.125,0.375,16,68,0,16,FALSE
118,Old,114,4,NoInstruction,100,9,91,0.09,25,25,25,25,2,5,1,1,0.08,0.2,0.04,0.04,0.36,0.48,0.36,0.48,14,11,0,0,17,7,1,0,16,9,0,0,9,14,1,1,9,12,9,12,16,13,16,13,10,0,4,0,2,6,0,7,0,0,9,0,4,0,3,8,0,3,1,1,0.625,0,0.25,0,0.125,0.461538462,0,0.538461538,0,0,0.5625,0,0.25,0,0.1875,0.615384615,0,0.230769231,0.076923077,0.076923077,56,41,2,1,FALSE
127,Old,115,4,NoInstruction,100,6,94,0.06,25,25,25,25,1,2,3,0,0.04,0.08,0.12,0,0.36,0.6,0.32,0.4,9,16,0,0,11,12,1,1,8,17,0,0,7,18,0,0,9,15,8,10,16,10,17,15,12,1,3,0,0,5,0,5,0,0,9,0,7,0,1,8,0,5,2,0,0.75,0.0625,0.1875,0,0,0.5,0,0.5,0,0,0.529411765,0,0.411764706,0,0.058823529,0.533333333,0,0.333333333,0.133333333,0,35,63,1,1,FALSE
136,Old,116,4,NoInstruction,100,17,83,0.17,25,25,25,25,1,5,7,4,0.04,0.2,0.28,0.16,0.64,0.88,0.68,0.8,4,21,0,0,6,19,0,0,13,12,0,0,5,20,0,0,16,22,17,20,9,3,8,5,7,0,2,0,0,1,0,2,0,0,3,0,5,0,0,4,0,1,0,0,0.777777778,0,0.222222222,0,0,0.333333333,0,0.666666667,0,0,0.375,0,0.625,0,0,0.8,0,0.2,0,0,28,72,0,0,FALSE
110,Old,117,4,NoInstruction,100,12,88,0.12,25,25,25,25,0,7,3,2,0,0.28,0.12,0.08,0.52,0.52,0.56,0.68,10,14,1,0,8,16,1,0,10,15,0,0,4,20,1,0,13,13,14,17,12,12,11,8,11,0,0,0,1,2,4,5,0,1,4,0,7,0,0,3,0,3,1,1,0.916666667,0,0,0,0.083333333,0.166666667,0.333333333,0.416666667,0,0.083333333,0.363636364,0,0.636363636,0,0,0.375,0,0.375,0.125,0.125,32,65,3,0,FALSE
119,Old,118,4,NoInstruction,100,11,89,0.11,25,25,25,25,4,5,1,1,0.16,0.2,0.04,0.04,0.48,0.4,0.4,0.44,13,6,6,0,7,13,5,0,6,12,7,0,7,12,5,1,12,10,10,11,13,15,15,14,5,0,8,0,0,6,2,6,0,1,8,1,6,0,0,5,2,5,2,0,0.384615385,0,0.615384615,0,0,0.4,0.133333333,0.4,0,0.066666667,0.533333333,0.066666667,0.4,0,0,0.357142857,0.142857143,0.357142857,0.142857143,0,33,43,23,1,FALSE
128,Old,119,4,NoInstruction,100,26,74,0.26,25,25,25,25,6,10,8,2,0.24,0.4,0.32,0.08,0.44,0.72,0.52,0.72,18,1,3,3,18,6,0,1,16,3,3,3,8,9,0,8,11,18,13,18,14,7,12,7,11,0,0,0,3,2,1,0,0,4,1,0,10,0,1,4,0,1,1,1,0.785714286,0,0,0,0.214285714,0.285714286,0.142857143,0,0,0.571428571,0.083333333,0,0.833333333,0,0.083333333,0.571428571,0,0.142857143,0.142857143,0.142857143,60,19,6,15,FALSE
137,Old,120,4,NoInstruction,100,13,87,0.13,25,25,25,25,2,2,4,5,0.08,0.08,0.16,0.2,0.56,0.52,0.64,0.64,4,21,0,0,3,22,0,0,6,19,0,0,5,19,0,1,14,13,16,16,11,12,9,9,7,0,2,0,2,6,1,3,0,2,4,1,4,0,0,4,0,3,1,1,0.636363636,0,0.181818182,0,0.181818182,0.5,0.083333333,0.25,0,0.166666667,0.444444444,0.111111111,0.444444444,0,0,0.444444444,0,0.333333333,0.111111111,0.111111111,18,81,0,1,FALSE
111,Old,121,4,NoInstruction,100,8,92,0.08,25,25,25,25,0,4,2,2,0,0.16,0.08,0.08,0.4,0.6,0.48,0.52,7,18,0,0,4,21,0,0,3,22,0,0,5,19,1,0,10,15,12,13,15,10,13,12,12,1,2,0,0,5,1,4,0,0,6,1,6,0,0,2,0,5,3,2,0.8,0.066666667,0.133333333,0,0,0.5,0.1,0.4,0,0,0.461538462,0.076923077,0.461538462,0,0,0.166666667,0,0.416666667,0.25,0.166666667,19,80,1,0,FALSE
120,Old,122,4,NoInstruction,100,37,63,0.37,25,25,25,25,8,14,10,5,0.32,0.56,0.4,0.2,0.8,0.84,0.8,0.8,8,6,2,9,18,2,2,3,14,8,0,3,6,13,2,4,20,21,20,20,5,4,5,5,3,0,2,0,0,0,0,4,0,0,4,0,0,0,1,3,0,1,0,1,0.6,0,0.4,0,0,0,0,1,0,0,0.8,0,0,0,0.2,0.6,0,0.2,0,0.2,46,29,6,19,FALSE
129,Old,123,4,NoInstruction,100,35,65,0.35,25,25,25,25,11,8,13,3,0.44,0.32,0.52,0.12,0.88,0.64,0.88,0.68,15,3,4,3,12,8,5,0,14,9,1,1,9,9,3,4,22,16,22,17,3,9,3,8,0,0,2,0,1,4,0,1,0,4,1,0,0,0,2,0,0,1,1,6,0,0,0.666666667,0,0.333333333,0.444444444,0,0.111111111,0,0.444444444,0.333333333,0,0,0,0.666666667,0,0,0.125,0.125,0.75,50,29,13,8,FALSE
138,Old,124,4,NoInstruction,100,15,85,0.15,25,25,25,25,3,6,2,4,0.12,0.24,0.08,0.16,0.88,0.96,0.88,0.8,4,8,6,7,5,11,6,3,2,14,3,6,3,11,5,6,22,24,22,20,3,1,3,5,1,0,0,0,2,1,0,0,0,0,0,0,3,0,0,3,0,2,0,0,0.333333333,0,0,0,0.666666667,1,0,0,0,0,0,0,1,0,0,0.6,0,0.4,0,0,14,44,20,22,FALSE
112,Old,125,4,NoInstruction,100,21,79,0.21,25,25,25,25,1,8,5,7,0.04,0.32,0.2,0.28,0.6,0.84,0.6,0.64,4,16,1,4,7,13,0,5,5,11,4,5,6,10,3,6,15,21,15,16,10,4,10,9,9,0,1,0,0,2,1,1,0,0,5,1,4,0,0,4,0,5,0,0,0.9,0,0.1,0,0,0.5,0.25,0.25,0,0,0.5,0.1,0.4,0,0,0.444444444,0,0.555555556,0,0,22,50,8,20,FALSE
121,Old,126,4,NoInstruction,100,22,78,0.22,25,25,25,25,3,9,5,5,0.12,0.36,0.2,0.2,0.36,0.68,0.48,0.76,14,5,0,6,15,4,0,6,12,4,0,9,11,3,0,11,9,17,12,19,16,8,13,6,14,0,2,0,0,3,1,4,0,0,4,0,9,0,0,3,0,2,1,0,0.875,0,0.125,0,0,0.375,0.125,0.5,0,0,0.307692308,0,0.692307692,0,0,0.5,0,0.333333333,0.166666667,0,52,16,0,32,FALSE
130,Old,127,4,NoInstruction,100,21,79,0.21,25,25,25,25,8,5,6,2,0.32,0.2,0.24,0.08,0.52,0.52,0.6,0.52,16,6,0,3,8,15,2,0,12,10,0,3,6,13,1,5,13,13,15,13,12,12,10,12,9,0,3,0,0,2,2,4,0,4,4,0,5,0,1,5,0,4,0,3,0.75,0,0.25,0,0,0.166666667,0.166666667,0.333333333,0,0.333333333,0.4,0,0.5,0,0.1,0.416666667,0,0.333333333,0,0.25,42,44,3,11,FALSE
139,Old,128,4,NoInstruction,100,48,52,0.48,25,25,25,25,10,12,16,10,0.4,0.48,0.64,0.4,0.84,0.8,0.8,0.88,21,3,0,1,17,7,0,1,21,4,0,0,17,3,2,3,21,20,20,22,4,5,5,3,3,0,1,0,0,2,0,1,0,2,2,0,1,0,2,2,0,1,0,0,0.75,0,0.25,0,0,0.4,0,0.2,0,0.4,0.4,0,0.2,0,0.4,0.666666667,0,0.333333333,0,0,76,17,2,5,FALSE
113,Old,129,4,NoInstruction,100,46,54,0.46,25,25,25,25,8,17,7,14,0.32,0.68,0.28,0.56,0.84,0.88,0.84,0.84,11,2,1,11,18,4,0,3,10,3,0,12,16,3,0,6,21,22,21,21,4,3,4,4,4,0,0,0,0,2,0,1,0,0,3,0,1,0,0,2,0,2,0,0,1,0,0,0,0,0.666666667,0,0.333333333,0,0,0.75,0,0.25,0,0,0.5,0,0.5,0,0,55,12,1,32,FALSE
122,Old,130,4,NoInstruction,100,26,74,0.26,25,25,25,25,5,9,7,5,0.2,0.36,0.28,0.2,0.72,0.76,0.8,0.68,9,12,1,3,16,6,0,3,16,7,0,2,14,8,1,2,18,19,20,17,7,6,5,8,5,0,1,0,1,4,0,2,0,0,4,0,1,0,0,4,2,1,0,1,0.714285714,0,0.142857143,0,0.142857143,0.666666667,0,0.333333333,0,0,0.8,0,0.2,0,0,0.5,0.25,0.125,0,0.125,55,33,2,10,FALSE
131,Old,131,4,NoInstruction,100,27,73,0.27,25,25,25,25,9,5,7,6,0.36,0.2,0.28,0.24,0.8,0.52,0.68,0.52,15,9,0,1,8,15,1,1,10,14,0,1,7,17,0,1,20,13,17,13,5,12,8,12,4,0,1,0,0,6,1,5,0,0,2,0,4,0,2,5,1,4,1,1,0.8,0,0.2,0,0,0.5,0.083333333,0.416666667,0,0,0.25,0,0.5,0,0.25,0.416666667,0.083333333,0.333333333,0.083333333,0.083333333,40,55,1,4,FALSE
140,Old,132,4,NoInstruction,100,21,79,0.21,25,25,25,25,4,4,8,5,0.16,0.16,0.32,0.2,0.52,0.76,0.6,0.72,16,6,0,3,10,5,1,9,20,4,0,1,11,3,0,11,13,19,15,18,12,6,10,7,7,0,2,0,3,4,1,0,0,1,3,0,6,0,1,6,0,0,0,1,0.583333333,0,0.166666667,0,0.25,0.666666667,0.166666667,0,0,0.166666667,0.3,0,0.6,0,0.1,0.857142857,0,0,0,0.142857143,57,18,1,24,FALSE
114,Old,133,4,NoInstruction,100,10,90,0.1,25,25,25,25,1,4,3,2,0.04,0.16,0.12,0.08,0.48,0.64,0.68,0.64,8,14,2,1,5,19,0,1,7,16,1,1,6,19,0,0,12,16,17,16,13,9,8,9,10,0,1,0,2,3,0,5,0,1,6,0,1,0,1,6,0,2,1,0,0.769230769,0,0.076923077,0,0.153846154,0.333333333,0,0.555555556,0,0.111111111,0.75,0,0.125,0,0.125,0.666666667,0,0.222222222,0.111111111,0,26,68,3,3,FALSE
123,Old,134,4,NoInstruction,100,31,69,0.31,25,25,25,25,8,14,7,2,0.32,0.56,0.28,0.08,0.76,0.84,0.76,0.8,12,10,1,2,16,5,2,2,13,8,3,1,7,14,0,4,19,21,19,20,6,4,6,5,3,0,2,0,1,2,0,2,0,0,4,0,2,0,0,2,0,0,0,3,0.5,0,0.333333333,0,0.166666667,0.5,0,0.5,0,0,0.666666667,0,0.333333333,0,0,0.4,0,0,0,0.6,48,37,6,9,FALSE
132,Old,135,4,NoInstruction,100,21,79,0.21,25,25,25,25,3,9,5,4,0.12,0.36,0.2,0.16,0.68,0.76,0.56,0.76,11,8,1,5,14,11,0,0,11,10,0,4,10,14,0,1,17,19,14,19,8,6,11,6,6,0,2,0,0,4,0,1,0,1,2,0,5,0,4,3,0,0,0,3,0.75,0,0.25,0,0,0.666666667,0,0.166666667,0,0.166666667,0.181818182,0,0.454545455,0,0.363636364,0.5,0,0,0,0.5,46,43,1,10,FALSE
141,Old,136,4,NoInstruction,100,31,69,0.31,25,25,25,25,3,11,12,5,0.12,0.44,0.48,0.2,0.6,0.76,0.68,0.8,16,5,2,2,17,4,3,1,20,4,0,1,9,10,2,4,15,19,17,20,10,6,8,5,8,0,1,0,1,2,0,4,0,0,2,0,5,0,1,1,0,2,0,2,0.8,0,0.1,0,0.1,0.333333333,0,0.666666667,0,0,0.25,0,0.625,0,0.125,0.2,0,0.4,0,0.4,62,23,7,8,FALSE
1,Young,163,5,NotThePrime,100,14,86,0.14,25,25,25,25,4,3,4,3,0.16,0.12,0.16,0.12,0.64,0.52,0.56,0.52,8,8,5,4,5,11,6,3,9,7,7,2,3,12,8,2,16,13,14,13,9,12,11,12,3,1,5,0,0,5,1,6,0,0,8,2,1,0,0,6,3,3,0,0,0.333333333,0.111111111,0.555555556,0,0,0.416666667,0.083333333,0.5,0,0,0.727272727,0.181818182,0.090909091,0,0,0.5,0.25,0.25,0,0,25,38,26,11,FALSE
2,Young,164,5,NotThePrime,100,34,66,0.34,25,25,25,25,6,10,10,8,0.24,0.4,0.4,0.32,0.84,0.84,0.84,0.88,10,12,2,1,12,4,2,7,13,3,4,5,6,9,2,8,21,21,21,22,4,4,4,3,1,0,3,0,0,3,0,0,1,0,2,0,2,0,0,1,0,2,0,0,0.25,0,0.75,0,0,0.75,0,0,0.25,0,0.5,0,0.5,0,0,0.333333333,0,0.666666667,0,0,41,28,10,21,FALSE
3,Young,165,5,NotThePrime,100,14,86,0.14,25,25,25,25,4,6,2,2,0.16,0.24,0.08,0.08,0.36,0.88,0.6,0.36,10,5,1,9,6,11,0,8,9,5,3,8,5,11,3,6,9,22,15,9,16,3,10,16,11,0,4,1,0,2,0,1,0,0,2,1,7,0,0,7,1,7,1,0,0.6875,0,0.25,0.0625,0,0.666666667,0,0.333333333,0,0,0.2,0.1,0.7,0,0,0.4375,0.0625,0.4375,0.0625,0,30,32,7,31,FALSE
4,Young,166,5,NotThePrime,100,25,75,0.25,25,25,25,25,5,13,5,2,0.2,0.52,0.2,0.08,0.72,0.72,0.84,0.64,5,11,3,6,13,3,5,4,7,8,8,2,5,9,6,5,18,18,21,16,7,7,4,9,1,0,6,0,0,1,0,6,0,0,4,0,0,0,0,5,0,4,0,0,0.142857143,0,0.857142857,0,0,0.142857143,0,0.857142857,0,0,1,0,0,0,0,0.555555556,0,0.444444444,0,0,30,31,22,17,FALSE
5,Young,167,5,NotThePrime,100,11,89,0.11,25,25,25,25,5,2,2,2,0.2,0.08,0.08,0.08,0.76,0.6,0.72,0.6,10,4,5,6,4,9,6,6,6,5,11,3,7,8,10,0,19,15,18,15,6,10,7,10,1,0,5,0,0,6,0,3,1,0,3,1,3,0,0,10,0,0,0,0,0.166666667,0,0.833333333,0,0,0.6,0,0.3,0.1,0,0.428571429,0.142857143,0.428571429,0,0,1,0,0,0,0,27,26,32,15,FALSE
6,Young,168,5,NotThePrime,100,46,54,0.46,25,25,25,25,9,10,14,13,0.36,0.4,0.56,0.52,0.92,0.84,0.88,0.88,12,3,5,5,19,2,4,0,18,3,1,3,20,2,2,1,23,21,22,22,2,4,3,3,1,0,1,0,0,3,0,1,0,0,1,0,2,0,0,2,0,1,0,0,0.5,0,0.5,0,0,0.75,0,0.25,0,0,0.333333333,0,0.666666667,0,0,0.666666667,0,0.333333333,0,0,69,10,12,9,FALSE
7,Young,169,5,NotThePrime,100,25,75,0.25,25,25,25,25,4,5,7,9,0.16,0.2,0.28,0.36,0.84,0.8,0.84,0.8,9,12,1,3,10,6,4,5,8,9,3,5,12,7,3,3,21,20,21,20,4,5,4,5,2,0,2,0,0,2,0,2,1,0,3,0,1,0,0,3,0,2,0,0,0.5,0,0.5,0,0,0.4,0,0.4,0.2,0,0.75,0,0.25,0,0,0.6,0,0.4,0,0,39,34,11,16,FALSE
8,Young,170,5,NotThePrime,100,20,80,0.2,25,25,25,25,6,11,3,0,0.24,0.44,0.12,0,0.72,0.76,0.84,0.76,11,12,2,0,13,6,3,3,9,12,2,2,8,13,3,1,18,19,21,19,7,6,4,6,5,0,2,0,0,0,1,5,0,0,4,0,0,0,0,3,1,1,1,0,0.714285714,0,0.285714286,0,0,0,0.166666667,0.833333333,0,0,1,0,0,0,0,0.5,0.166666667,0.166666667,0.166666667,0,41,43,10,6,FALSE
9,Young,171,5,NotThePrime,100,22,78,0.22,25,25,25,25,9,5,6,2,0.36,0.2,0.24,0.08,0.68,0.8,0.84,0.44,12,3,4,6,10,4,3,8,8,9,5,3,2,8,8,7,17,20,21,11,8,5,4,14,3,1,4,0,0,4,0,1,0,0,2,0,2,0,0,10,0,4,0,0,0.375,0.125,0.5,0,0,0.8,0,0.2,0,0,0.5,0,0.5,0,0,0.714285714,0,0.285714286,0,0,32,24,20,24,FALSE
10,Young,172,5,NotThePrime,100,7,93,0.07,25,25,25,25,1,1,2,3,0.04,0.04,0.08,0.12,0.64,0.64,0.72,0.52,2,7,13,3,1,12,8,4,5,11,6,3,1,14,4,6,16,16,18,13,9,9,7,12,4,0,5,0,0,5,0,4,0,0,3,0,4,0,0,5,1,6,0,0,0.444444444,0,0.555555556,0,0,0.555555556,0,0.444444444,0,0,0.428571429,0,0.571428571,0,0,0.416666667,0.083333333,0.5,0,0,9,44,31,16,FALSE
11,Young,173,5,NotThePrime,100,9,91,0.09,25,25,25,25,3,2,2,2,0.12,0.08,0.08,0.08,0.56,0.68,0.64,0.4,11,12,0,2,9,11,2,3,6,8,7,4,9,11,3,2,14,17,16,10,11,8,9,15,2,1,8,0,0,4,0,4,0,0,9,0,0,0,0,8,0,7,0,0,0.181818182,0.090909091,0.727272727,0,0,0.5,0,0.5,0,0,1,0,0,0,0,0.533333333,0,0.466666667,0,0,35,42,12,11,FALSE
12,Young,174,5,NotThePrime,100,44,56,0.44,25,25,25,25,14,17,7,6,0.56,0.68,0.28,0.24,0.8,0.88,0.76,0.68,16,4,4,1,22,2,1,0,16,5,3,1,16,5,3,1,20,22,19,17,5,3,6,8,4,0,1,0,0,2,0,1,0,0,3,0,3,0,0,5,0,3,0,0,0.8,0,0.2,0,0,0.666666667,0,0.333333333,0,0,0.5,0,0.5,0,0,0.625,0,0.375,0,0,70,16,11,3,FALSE
13,Young,175,5,NotThePrime,100,21,79,0.21,25,25,25,25,8,2,10,1,0.32,0.08,0.4,0.04,0.8,0.72,0.64,0.52,11,8,4,2,6,10,5,4,11,8,6,0,4,15,3,3,20,18,16,13,5,7,9,12,4,0,1,0,0,5,0,2,0,0,4,0,5,0,0,9,0,3,0,0,0.8,0,0.2,0,0,0.714285714,0,0.285714286,0,0,0.444444444,0,0.555555556,0,0,0.75,0,0.25,0,0,32,41,18,9,FALSE
14,Young,176,5,NotThePrime,100,21,79,0.21,25,25,25,25,3,5,7,6,0.12,0.2,0.28,0.24,0.88,0.76,0.72,0.72,6,14,2,3,5,10,9,1,10,12,2,1,5,12,6,2,22,19,18,18,3,6,7,7,2,0,1,0,0,4,0,2,0,0,6,0,1,0,0,2,0,5,0,0,0.666666667,0,0.333333333,0,0,0.666666667,0,0.333333333,0,0,0.857142857,0,0.142857143,0,0,0.285714286,0,0.714285714,0,0,26,48,19,7,FALSE
15,Young,177,5,NotThePrime,100,34,66,0.34,25,25,25,25,10,15,3,6,0.4,0.6,0.12,0.24,0.92,0.96,0.84,0.68,3,3,11,8,10,6,6,3,3,2,11,9,2,5,14,4,23,24,21,17,2,1,4,8,1,0,0,1,0,1,0,0,0,0,3,0,1,0,0,2,0,6,0,0,0.5,0,0,0.5,0,1,0,0,0,0,0.75,0,0.25,0,0,0.25,0,0.75,0,0,18,16,42,24,FALSE
16,Young,178,5,NotThePrime,100,13,87,0.13,25,25,25,25,3,6,3,1,0.12,0.24,0.12,0.04,0.84,0.72,0.8,0.76,4,10,3,8,7,7,5,6,6,6,6,7,4,11,3,7,21,18,20,19,4,7,5,6,0,0,4,0,0,2,0,4,0,1,4,0,1,0,0,5,0,1,0,0,0,0,1,0,0,0.285714286,0,0.571428571,0,0.142857143,0.8,0,0.2,0,0,0.833333333,0,0.166666667,0,0,21,34,17,28,FALSE
17,Young,179,5,NotThePrime,100,22,78,0.22,25,25,25,25,10,6,4,2,0.4,0.24,0.16,0.08,0.68,0.8,0.88,0.68,15,3,6,1,10,7,7,1,6,9,8,2,4,13,4,4,17,20,22,17,8,5,3,8,2,0,6,0,0,3,0,2,0,0,2,0,1,0,0,4,0,4,0,0,0.25,0,0.75,0,0,0.6,0,0.4,0,0,0.666666667,0,0.333333333,0,0,0.5,0,0.5,0,0,35,32,25,8,FALSE
18,Young,180,5,NotThePrime,100,34,66,0.34,25,25,25,25,7,8,10,9,0.28,0.32,0.4,0.36,0.72,0.8,0.8,0.92,8,7,4,6,7,6,5,7,12,3,6,4,7,3,5,10,18,20,20,23,7,5,5,2,5,0,2,0,0,1,0,4,0,0,1,0,4,0,0,0,1,1,0,0,0.714285714,0,0.285714286,0,0,0.2,0,0.8,0,0,0.2,0,0.8,0,0,0,0.5,0.5,0,0,34,19,20,27,FALSE
19,Young,181,5,NotThePrime,100,20,80,0.2,25,25,25,25,4,7,2,7,0.16,0.28,0.08,0.28,0.64,0.84,0.64,0.52,11,10,3,1,11,6,8,0,13,6,6,0,13,8,3,1,16,21,16,13,9,4,9,12,9,0,0,0,0,2,1,1,0,0,3,0,6,0,0,5,0,6,1,0,1,0,0,0,0,0.5,0.25,0.25,0,0,0.333333333,0,0.666666667,0,0,0.416666667,0,0.5,0.083333333,0,48,30,20,2,FALSE
20,Young,182,5,NotThePrime,100,28,72,0.28,25,25,25,25,8,11,7,2,0.32,0.44,0.28,0.08,0.76,0.64,0.84,0.76,12,11,2,0,19,3,3,0,11,10,4,0,5,11,7,2,19,16,21,19,6,9,4,6,0,0,6,0,0,5,0,4,0,0,4,0,0,0,0,4,0,2,0,0,0,0,1,0,0,0.555555556,0,0.444444444,0,0,1,0,0,0,0,0.666666667,0,0.333333333,0,0,47,35,16,2,FALSE
21,Young,183,5,NotThePrime,100,26,74,0.26,25,25,25,25,5,8,10,3,0.2,0.32,0.4,0.12,0.76,0.84,0.96,0.72,15,6,4,0,17,5,3,0,16,7,2,0,12,9,4,0,19,21,24,18,6,4,1,7,0,0,6,0,0,1,0,3,0,0,1,0,0,0,0,5,0,2,0,0,0,0,1,0,0,0.25,0,0.75,0,0,1,0,0,0,0,0.714285714,0,0.285714286,0,0,60,27,13,0,FALSE
22,Young,184,5,NotThePrime,100,9,91,0.09,25,25,25,25,1,2,3,3,0.04,0.08,0.12,0.12,0.52,0.68,0.56,0.64,8,5,7,5,4,10,7,4,4,7,8,6,5,10,2,8,13,17,14,16,12,8,11,9,10,0,2,0,0,6,0,2,0,0,9,0,2,0,0,5,0,4,0,0,0.833333333,0,0.166666667,0,0,0.75,0,0.25,0,0,0.818181818,0,0.181818182,0,0,0.555555556,0,0.444444444,0,0,21,32,24,23,FALSE
23,Young,185,5,NotThePrime,100,41,59,0.41,25,25,25,25,7,18,4,12,0.28,0.72,0.16,0.48,0.88,0.96,0.76,0.76,12,1,0,12,20,2,0,3,10,1,1,13,15,5,1,4,22,24,19,19,3,1,6,6,1,0,2,0,0,1,0,0,0,0,3,1,1,1,0,2,0,4,0,0,0.333333333,0,0.666666667,0,0,1,0,0,0,0,0.5,0.166666667,0.166666667,0.166666667,0,0.333333333,0,0.666666667,0,0,57,9,2,32,FALSE
24,Young,186,5,NotThePrime,100,35,65,0.35,25,25,25,25,11,11,8,5,0.44,0.44,0.32,0.2,0.6,0.68,0.8,0.68,13,11,1,0,16,8,0,1,11,10,1,3,6,17,0,2,15,17,20,17,10,8,5,8,7,0,3,0,0,5,1,2,0,0,4,0,1,0,0,6,0,2,0,0,0.7,0,0.3,0,0,0.625,0.125,0.25,0,0,0.8,0,0.2,0,0,0.75,0,0.25,0,0,46,46,2,6,FALSE
25,Young,187,5,NotThePrime,100,13,87,0.13,25,25,25,25,5,3,4,1,0.2,0.12,0.16,0.04,0.6,0.84,0.72,0.76,9,6,4,6,8,8,6,3,11,7,2,5,5,12,2,6,15,21,18,19,10,4,7,6,1,0,9,0,0,2,0,2,0,0,6,0,1,0,0,5,0,1,0,0,0.1,0,0.9,0,0,0.5,0,0.5,0,0,0.857142857,0,0.142857143,0,0,0.833333333,0,0.166666667,0,0,33,33,14,20,FALSE
26,Young,188,5,NotThePrime,100,17,83,0.17,25,25,25,25,0,6,5,6,0,0.24,0.2,0.24,0.8,0.8,0.72,0.64,2,10,9,4,4,10,9,2,6,7,8,4,3,11,7,4,20,20,18,16,5,5,7,9,3,0,2,0,0,2,1,2,0,0,3,0,3,1,0,4,1,4,0,0,0.6,0,0.4,0,0,0.4,0.2,0.4,0,0,0.428571429,0,0.428571429,0.142857143,0,0.444444444,0.111111111,0.444444444,0,0,15,38,33,14,FALSE
27,Young,189,5,NotThePrime,100,28,72,0.28,25,25,25,25,2,12,9,5,0.08,0.48,0.36,0.2,0.88,0.88,0.88,0.64,4,6,4,11,12,3,5,5,8,4,7,6,7,7,8,3,22,22,22,16,3,3,3,9,0,0,3,0,0,0,0,3,0,0,3,0,0,0,0,6,0,3,0,0,0,0,1,0,0,0,0,1,0,0,1,0,0,0,0,0.666666667,0,0.333333333,0,0,31,20,24,25,FALSE
28,Young,190,5,NotThePrime,100,39,61,0.39,25,25,25,25,11,13,9,6,0.44,0.52,0.36,0.24,0.8,0.88,0.88,0.84,11,8,2,4,15,3,4,3,11,9,2,3,9,4,7,5,20,22,22,21,5,3,3,4,3,0,2,0,0,1,0,2,0,0,2,0,1,0,0,3,0,1,0,0,0.6,0,0.4,0,0,0.333333333,0,0.666666667,0,0,0.666666667,0,0.333333333,0,0,0.75,0,0.25,0,0,46,24,15,15,FALSE
29,Young,191,5,NotThePrime,100,25,75,0.25,25,25,25,25,11,3,7,4,0.44,0.12,0.28,0.16,0.64,0.4,0.84,0.68,12,5,4,4,4,10,0,11,7,8,0,10,4,12,1,8,16,10,21,17,9,15,4,8,0,2,7,0,0,3,2,10,0,0,4,0,0,0,0,3,1,3,1,0,0,0.222222222,0.777777778,0,0,0.2,0.133333333,0.666666667,0,0,1,0,0,0,0,0.375,0.125,0.375,0.125,0,27,35,5,33,FALSE
30,Young,192,5,NotThePrime,100,39,61,0.39,25,25,25,25,4,12,11,12,0.16,0.48,0.44,0.48,0.88,0.92,0.88,0.84,7,11,6,1,12,7,2,4,14,6,3,2,8,8,4,5,22,23,22,21,3,2,3,4,1,0,2,0,0,1,0,1,0,0,2,0,1,0,0,2,0,2,0,0,0.333333333,0,0.666666667,0,0,0.5,0,0.5,0,0,0.666666667,0,0.333333333,0,0,0.5,0,0.5,0,0,41,32,15,12,FALSE
31,Young,193,5,NotThePrime,100,29,71,0.29,25,25,25,25,6,14,3,6,0.24,0.56,0.12,0.24,0.88,0.84,0.76,0.8,15,3,7,0,17,4,3,1,11,3,9,2,6,8,7,4,22,21,19,20,3,4,6,5,3,0,0,0,0,2,0,2,0,0,4,0,2,0,0,1,0,4,0,0,1,0,0,0,0,0.5,0,0.5,0,0,0.666666667,0,0.333333333,0,0,0.2,0,0.8,0,0,49,18,26,7,FALSE
32,Young,194,5,NotThePrime,100,56,44,0.56,25,25,25,25,12,20,15,9,0.48,0.8,0.6,0.36,0.92,1,0.96,0.92,13,2,5,5,20,1,1,3,17,0,2,6,11,1,6,7,23,25,24,23,2,0,1,2,0,0,2,0,0,0,0,0,0,0,0,1,0,0,0,2,0,0,0,0,0,0,1,0,0,NA,NA,NA,NA,NA,0,1,0,0,0,1,0,0,0,0,61,4,14,21,FALSE
36,Young,198,5,NotThePrime,100,35,65,0.35,25,25,25,25,8,12,9,6,0.32,0.48,0.36,0.24,0.76,0.8,0.8,0.72,14,7,3,1,17,7,1,0,7,10,8,0,8,12,5,0,19,20,20,18,6,5,5,7,0,1,5,0,0,3,0,2,0,0,3,1,1,0,0,2,1,4,0,0,0,0.166666667,0.833333333,0,0,0.6,0,0.4,0,0,0.6,0.2,0.2,0,0,0.285714286,0.142857143,0.571428571,0,0,46,36,17,1,FALSE
37,Old,701,6,NotThePrime,100,25,75,0.25,25,25,25,25,3,10,5,7,0.12,0.4,0.2,0.28,0.64,0.72,0.84,0.52,14,7,2,2,13,8,1,3,11,10,0,4,12,10,1,2,16,18,21,13,9,7,4,12,8,0,1,0,0,1,2,2,0,2,2,1,1,0,0,4,1,4,0,3,0.888888889,0,0.111111111,0,0,0.142857143,0.285714286,0.285714286,0,0.285714286,0.5,0.25,0.25,0,0,0.333333333,0.083333333,0.333333333,0,0.25,50,35,4,11,FALSE
38,Old,702,6,NotThePrime,100,5,95,0.05,25,25,25,25,2,1,2,0,0.08,0.04,0.08,0,0.28,0.48,0.32,0.44,2,22,1,0,7,18,0,0,3,21,1,0,0,25,0,0,7,12,8,11,18,13,17,14,10,4,4,0,0,6,2,5,0,0,4,3,10,0,0,4,3,6,0,1,0.555555556,0.222222222,0.222222222,0,0,0.461538462,0.153846154,0.384615385,0,0,0.235294118,0.176470588,0.588235294,0,0,0.285714286,0.214285714,0.428571429,0,0.071428571,12,86,2,0,FALSE
39,Old,703,6,NotThePrime,100,17,83,0.17,25,25,25,25,7,5,4,1,0.28,0.2,0.16,0.04,0.64,0.68,0.64,0.64,14,10,0,1,10,13,0,2,7,17,0,1,2,16,1,6,16,17,16,16,9,8,9,9,6,0,1,0,2,3,3,1,0,1,4,0,3,0,2,3,0,2,0,4,0.666666667,0,0.111111111,0,0.222222222,0.375,0.375,0.125,0,0.125,0.444444444,0,0.333333333,0,0.222222222,0.333333333,0,0.222222222,0,0.444444444,33,56,1,10,FALSE
40,Old,704,6,NotThePrime,100,41,59,0.41,25,25,25,25,4,11,13,13,0.16,0.44,0.52,0.52,0.8,0.8,0.84,0.8,15,6,1,3,19,3,0,3,16,4,1,4,16,6,1,2,20,20,21,20,5,5,4,5,3,0,0,0,2,5,0,0,0,0,2,0,2,0,0,1,1,3,0,0,0.6,0,0,0,0.4,1,0,0,0,0,0.5,0,0.5,0,0,0.2,0.2,0.6,0,0,66,19,3,12,FALSE
41,Old,705,6,NotThePrime,100,23,77,0.23,25,25,25,25,4,12,2,5,0.16,0.48,0.08,0.2,0.92,0.88,0.92,0.88,11,12,0,2,14,11,0,0,8,15,0,2,11,13,0,1,23,22,23,22,2,3,2,3,2,0,0,0,0,1,0,2,0,0,1,0,0,0,1,1,0,2,0,0,1,0,0,0,0,0.333333333,0,0.666666667,0,0,0.5,0,0,0,0.5,0.333333333,0,0.666666667,0,0,44,51,0,5,FALSE
42,Old,706,6,NotThePrime,100,19,81,0.19,25,25,25,25,5,8,4,2,0.2,0.32,0.16,0.08,0.84,0.76,0.72,0.76,7,18,0,0,13,12,0,0,10,15,0,0,9,16,0,0,21,19,18,19,4,6,7,6,2,0,2,0,0,3,0,3,0,0,3,0,4,0,0,2,0,2,1,1,0.5,0,0.5,0,0,0.5,0,0.5,0,0,0.428571429,0,0.571428571,0,0,0.333333333,0,0.333333333,0.166666667,0.166666667,39,61,0,0,FALSE
43,Old,707,6,NotThePrime,100,28,72,0.28,25,25,25,25,8,7,7,6,0.32,0.28,0.28,0.24,0.76,0.84,0.88,0.72,21,0,3,1,19,5,1,0,16,5,1,3,19,3,2,1,19,21,22,18,6,4,3,7,4,0,2,0,0,1,0,3,0,0,2,0,1,0,0,5,0,2,0,0,0.666666667,0,0.333333333,0,0,0.25,0,0.75,0,0,0.666666667,0,0.333333333,0,0,0.714285714,0,0.285714286,0,0,75,13,7,5,FALSE
44,Old,708,6,NotThePrime,100,19,81,0.19,25,25,25,25,3,4,5,7,0.12,0.16,0.2,0.28,0.6,0.52,0.68,0.68,9,12,4,0,8,14,2,1,10,10,5,0,10,12,3,0,15,13,17,17,10,12,8,8,6,0,4,0,0,9,1,0,0,2,3,0,4,0,1,3,0,4,1,0,0.6,0,0.4,0,0,0.75,0.083333333,0,0,0.166666667,0.375,0,0.5,0,0.125,0.375,0,0.5,0.125,0,37,48,14,1,FALSE
45,Old,709,6,NotThePrime,100,8,92,0.08,25,25,25,25,0,2,1,5,0,0.08,0.04,0.2,0.56,0.48,0.48,0.4,5,19,1,0,3,21,0,1,5,20,0,0,6,18,0,1,14,12,12,10,11,13,13,15,5,2,4,0,0,1,1,7,1,3,6,0,3,0,4,3,1,7,1,3,0.454545455,0.181818182,0.363636364,0,0,0.076923077,0.076923077,0.538461538,0.076923077,0.230769231,0.461538462,0,0.230769231,0,0.307692308,0.2,0.066666667,0.466666667,0.066666667,0.2,19,78,1,2,FALSE
46,Old,710,6,NotThePrime,100,8,92,0.08,25,25,25,25,2,5,1,0,0.08,0.2,0.04,0,0.44,0.56,0.56,0.76,2,23,0,0,5,20,0,0,3,22,0,0,1,23,0,1,11,14,14,19,14,11,11,6,9,1,2,0,2,5,1,4,0,1,5,0,6,0,0,4,0,2,0,0,0.642857143,0.071428571,0.142857143,0,0.142857143,0.454545455,0.090909091,0.363636364,0,0.090909091,0.454545455,0,0.545454545,0,0,0.666666667,0,0.333333333,0,0,11,88,0,1,FALSE
47,Old,712,6,NotThePrime,100,15,85,0.15,25,25,25,25,1,4,4,6,0.04,0.16,0.16,0.24,0.76,0.72,0.68,0.88,9,13,0,3,12,11,0,2,10,9,2,4,11,10,0,4,19,18,17,22,6,7,8,3,4,0,1,0,1,5,0,1,0,1,5,0,2,0,1,2,0,1,0,0,0.666666667,0,0.166666667,0,0.166666667,0.714285714,0,0.142857143,0,0.142857143,0.625,0,0.25,0,0.125,0.666666667,0,0.333333333,0,0,42,43,2,13,FALSE
48,Old,713,6,NotThePrime,100,7,93,0.07,25,25,25,25,0,3,1,3,0,0.12,0.04,0.12,0.48,0.48,0.56,0.52,10,11,0,4,11,14,0,0,14,10,1,0,10,15,0,0,12,12,14,13,13,13,11,12,5,1,7,0,0,9,0,1,2,1,7,0,4,0,0,5,1,2,2,2,0.384615385,0.076923077,0.538461538,0,0,0.692307692,0,0.076923077,0.153846154,0.076923077,0.636363636,0,0.363636364,0,0,0.416666667,0.083333333,0.166666667,0.166666667,0.166666667,45,50,1,4,FALSE
49,Old,714,6,NotThePrime,100,24,76,0.24,25,25,25,25,7,11,3,3,0.28,0.44,0.12,0.12,0.76,0.56,0.44,0.68,14,11,0,0,17,8,0,0,13,10,1,1,12,13,0,0,19,14,11,17,6,11,14,8,3,0,3,0,0,5,2,4,0,0,10,2,2,0,0,7,1,0,0,0,0.5,0,0.5,0,0,0.454545455,0.181818182,0.363636364,0,0,0.714285714,0.142857143,0.142857143,0,0,0.875,0.125,0,0,0,56,42,1,1,FALSE
50,Old,715,6,NotThePrime,100,13,87,0.13,25,25,25,25,5,1,4,3,0.2,0.04,0.16,0.12,0.52,0.48,0.6,0.48,17,3,3,2,11,9,4,1,10,7,4,4,9,8,5,3,13,12,15,12,12,13,10,13,9,0,3,0,0,8,1,4,0,0,5,0,5,0,0,8,0,5,0,0,0.75,0,0.25,0,0,0.615384615,0.076923077,0.307692308,0,0,0.5,0,0.5,0,0,0.615384615,0,0.384615385,0,0,47,27,16,10,FALSE
51,Old,716,6,NotThePrime,100,41,59,0.41,25,25,25,25,6,9,14,12,0.24,0.36,0.56,0.48,0.88,0.88,0.88,0.8,10,8,1,6,11,4,0,10,17,3,0,5,13,6,1,5,22,22,22,20,3,3,3,5,2,0,0,0,1,0,0,2,0,1,0,0,3,0,0,3,0,1,1,0,0.666666667,0,0,0,0.333333333,0,0,0.666666667,0,0.333333333,0,0,1,0,0,0.6,0,0.2,0.2,0,51,21,2,26,FALSE
52,Old,717,6,NotThePrime,100,30,70,0.3,25,25,25,25,7,9,3,11,0.28,0.36,0.12,0.44,0.88,0.92,0.92,0.88,19,5,0,1,15,8,1,1,17,7,0,1,20,5,0,0,22,23,23,22,3,2,2,3,1,0,0,0,2,0,0,2,0,0,1,0,1,0,0,2,0,1,0,0,0.333333333,0,0,0,0.666666667,0,0,1,0,0,0.5,0,0.5,0,0,0.666666667,0,0.333333333,0,0,71,25,1,3,FALSE
53,Old,718,6,NotThePrime,100,26,74,0.26,25,25,25,25,7,10,5,4,0.28,0.4,0.2,0.16,0.76,0.8,0.76,0.88,13,11,0,1,19,5,0,1,13,10,0,2,14,9,0,2,19,20,19,22,6,5,6,3,2,0,4,0,0,2,0,3,0,0,4,0,2,0,0,2,0,1,0,0,0.333333333,0,0.666666667,0,0,0.4,0,0.6,0,0,0.666666667,0,0.333333333,0,0,0.666666667,0,0.333333333,0,0,59,35,0,6,FALSE
54,Old,719,6,NotThePrime,100,36,64,0.36,25,25,25,25,8,7,13,8,0.32,0.28,0.52,0.32,0.96,0.84,0.96,0.92,10,5,0,10,11,6,0,8,16,2,0,7,9,9,2,5,24,21,24,23,1,4,1,2,1,0,0,0,0,4,0,0,0,0,0,0,1,0,0,0,0,1,0,1,1,0,0,0,0,1,0,0,0,0,0,0,1,0,0,0,0,0.5,0,0.5,46,22,2,30,FALSE
55,Old,720,6,NotThePrime,100,4,96,0.04,25,25,25,25,1,1,2,0,0.04,0.04,0.08,0,0.56,0.6,0.64,0.52,8,17,0,0,7,17,1,0,9,16,0,0,4,19,1,1,14,15,16,13,11,10,9,12,6,0,3,0,2,7,1,1,0,1,3,0,2,0,4,2,0,6,0,4,0.545454545,0,0.272727273,0,0.181818182,0.7,0.1,0.1,0,0.1,0.333333333,0,0.222222222,0,0.444444444,0.166666667,0,0.5,0,0.333333333,28,69,2,1,FALSE
56,Old,721,6,NotThePrime,100,15,85,0.15,25,25,25,25,3,5,1,6,0.12,0.2,0.04,0.24,0.72,0.68,0.64,0.64,14,10,1,0,10,13,2,0,11,10,3,1,12,13,0,0,18,17,16,16,7,8,9,9,6,0,0,0,1,2,0,4,0,2,7,0,2,0,0,4,0,4,1,0,0.857142857,0,0,0,0.142857143,0.25,0,0.5,0,0.25,0.777777778,0,0.222222222,0,0,0.444444444,0,0.444444444,0.111111111,0,47,46,6,1,FALSE
57,Old,722,6,NotThePrime,100,10,90,0.1,25,25,25,25,3,5,2,0,0.12,0.2,0.08,0,0.56,0.64,0.56,0.64,10,5,3,7,11,11,1,2,8,6,4,7,9,6,5,5,14,16,14,16,11,9,11,9,5,0,6,0,0,5,1,3,0,0,7,1,3,0,0,3,2,3,0,1,0.454545455,0,0.545454545,0,0,0.555555556,0.111111111,0.333333333,0,0,0.636363636,0.090909091,0.272727273,0,0,0.333333333,0.222222222,0.333333333,0,0.111111111,38,28,13,21,FALSE
58,Old,723,6,NotThePrime,100,4,96,0.04,25,25,25,25,0,2,2,0,0,0.08,0.08,0,0.48,0.48,0.48,0.36,1,21,3,0,0,21,4,0,2,20,2,1,2,21,2,0,12,12,12,9,13,13,13,16,4,0,8,0,1,9,0,4,0,0,7,1,5,0,0,8,1,5,1,1,0.307692308,0,0.615384615,0,0.076923077,0.692307692,0,0.307692308,0,0,0.538461538,0.076923077,0.384615385,0,0,0.5,0.0625,0.3125,0.0625,0.0625,5,83,11,1,FALSE
59,Old,724,6,NotThePrime,100,7,93,0.07,25,25,25,25,2,1,4,0,0.08,0.04,0.16,0,0.48,0.28,0.52,0.4,6,17,1,1,4,20,1,0,8,17,0,0,2,22,1,0,12,7,13,10,13,18,12,15,6,1,4,0,2,6,4,4,0,4,4,1,6,1,0,12,0,2,1,0,0.461538462,0.076923077,0.307692308,0,0.153846154,0.333333333,0.222222222,0.222222222,0,0.222222222,0.333333333,0.083333333,0.5,0.083333333,0,0.8,0,0.133333333,0.066666667,0,20,76,3,1,FALSE
60,Old,726,6,NotThePrime,100,9,91,0.09,25,25,25,25,3,3,2,1,0.12,0.12,0.08,0.04,0.68,0.8,0.64,0.76,4,21,0,0,7,18,0,0,6,19,0,0,4,20,1,0,17,20,16,19,8,5,9,6,5,1,2,0,0,1,1,3,0,0,4,0,5,0,0,6,0,0,0,0,0.625,0.125,0.25,0,0,0.2,0.2,0.6,0,0,0.444444444,0,0.555555556,0,0,1,0,0,0,0,21,78,1,0,FALSE
61,Old,727,6,NotThePrime,100,14,86,0.14,25,25,25,25,6,3,3,2,0.24,0.12,0.12,0.08,0.68,0.76,0.48,0.48,13,9,2,1,13,10,1,1,7,13,2,3,14,9,1,1,17,19,12,12,8,6,13,13,5,0,2,0,1,3,0,2,0,1,5,2,5,0,1,8,1,3,0,1,0.625,0,0.25,0,0.125,0.5,0,0.333333333,0,0.166666667,0.384615385,0.153846154,0.384615385,0,0.076923077,0.615384615,0.076923077,0.230769231,0,0.076923077,47,41,6,6,FALSE
62,Old,728,6,NotThePrime,100,47,53,0.47,25,25,25,25,8,11,15,13,0.32,0.44,0.6,0.52,0.8,0.8,0.88,0.88,14,11,0,0,14,11,0,0,17,5,1,2,15,9,0,1,20,20,22,22,5,5,3,3,1,0,2,0,2,0,0,4,0,1,1,0,2,0,0,1,0,1,0,1,0.2,0,0.4,0,0.4,0,0,0.8,0,0.2,0.333333333,0,0.666666667,0,0,0.333333333,0,0.333333333,0,0.333333333,60,36,1,3,FALSE
63,Old,729,6,NotThePrime,100,48,52,0.48,25,25,25,25,11,15,11,11,0.44,0.6,0.44,0.44,0.84,0.92,0.88,0.88,16,4,3,2,18,6,1,0,20,3,2,0,15,7,1,2,21,23,22,22,4,2,3,3,3,0,0,0,1,1,0,1,0,0,3,0,0,0,0,1,0,1,0,1,0.75,0,0,0,0.25,0.5,0,0.5,0,0,1,0,0,0,0,0.333333333,0,0.333333333,0,0.333333333,69,20,7,4,FALSE
64,Old,730,6,NotThePrime,100,6,94,0.06,25,25,25,25,2,2,2,0,0.08,0.08,0.08,0,0.36,0.32,0.48,0.48,5,19,0,1,2,23,0,0,3,22,0,0,2,21,0,2,9,8,12,12,16,17,13,13,12,2,2,0,0,11,0,3,1,2,6,1,5,0,1,5,0,7,0,1,0.75,0.125,0.125,0,0,0.647058824,0,0.176470588,0.058823529,0.117647059,0.461538462,0.076923077,0.384615385,0,0.076923077,0.384615385,0,0.538461538,0,0.076923077,12,85,0,3,FALSE
65,Old,731,6,NotThePrime,100,30,70,0.3,25,25,25,25,9,6,9,6,0.36,0.24,0.36,0.24,0.72,0.56,0.76,0.48,14,11,0,0,8,16,1,0,10,11,1,3,12,12,1,0,18,14,19,12,7,11,6,13,4,1,1,0,1,3,1,6,0,1,3,1,2,0,0,10,0,3,0,0,0.571428571,0.142857143,0.142857143,0,0.142857143,0.272727273,0.090909091,0.545454545,0,0.090909091,0.5,0.166666667,0.333333333,0,0,0.769230769,0,0.230769231,0,0,44,50,3,3,FALSE
66,Old,732,6,NotThePrime,100,36,64,0.36,25,25,25,25,9,6,10,11,0.36,0.24,0.4,0.44,0.68,0.72,0.72,0.84,22,2,1,0,17,7,1,0,21,3,1,0,17,8,0,0,17,18,18,21,8,7,7,4,6,0,2,0,0,6,0,0,0,1,1,0,6,0,0,3,0,1,0,0,0.75,0,0.25,0,0,0.857142857,0,0,0,0.142857143,0.142857143,0,0.857142857,0,0,0.75,0,0.25,0,0,77,20,3,0,FALSE
67,Old,733,6,NotThePrime,100,24,76,0.24,25,25,25,25,2,11,6,5,0.08,0.44,0.24,0.2,0.76,0.8,0.8,0.72,5,18,1,1,12,13,0,0,10,14,0,1,7,18,0,0,19,20,20,18,6,5,5,7,4,0,2,0,0,4,0,1,0,0,3,0,2,0,0,5,0,2,0,0,0.666666667,0,0.333333333,0,0,0.8,0,0.2,0,0,0.6,0,0.4,0,0,0.714285714,0,0.285714286,0,0,34,63,1,2,FALSE
68,Old,735,6,NotThePrime,100,29,71,0.29,25,25,25,25,9,8,10,2,0.36,0.32,0.4,0.08,0.68,0.8,0.8,0.68,18,5,2,0,17,7,1,0,12,9,3,1,10,12,1,2,17,20,20,17,8,5,5,8,3,0,3,0,2,2,0,2,0,1,2,0,3,0,0,5,0,3,0,0,0.375,0,0.375,0,0.25,0.4,0,0.4,0,0.2,0.4,0,0.6,0,0,0.625,0,0.375,0,0,57,33,7,3,FALSE
